,userId,movieId,rating,timestamp
0,1,1,4.0,964982703
1,1,3,4.0,964981247
2,1,6,4.0,964982224
3,1,47,5.0,964983815
4,1,50,5.0,964982931
5,1,70,3.0,964982400
261,3,31,0.5,1306463578
300,4,21,3.0,986935199
301,4,32,2.0,945173447
302,4,45,3.0,986935047
303,4,47,2.0,945173425
304,4,52,3.0,964622786
305,4,58,3.0,964538444
516,5,1,4.0,847434962
517,5,21,4.0,847435238
518,5,34,4.0,847434881
519,5,36,4.0,847435292
520,5,39,3.0,847434961
521,5,50,4.0,847434881
522,5,58,5.0,847435238
560,6,2,4.0,845553522
561,6,3,5.0,845554296
562,6,4,3.0,845554349
563,6,5,5.0,845553938
564,6,6,4.0,845553757
565,6,7,4.0,845554264
566,6,8,3.0,845555281
567,6,10,3.0,845553253
568,6,11,4.0,845553489
569,6,13,3.0,845555588
570,6,15,4.0,845554505
571,6,16,4.0,845553819
572,6,17,4.0,845553559
573,6,19,2.0,845553382
574,6,21,2.0,845553382
575,6,22,5.0,845553875
576,6,24,4.0,845554397
577,6,25,3.0,845553695
578,6,26,4.0,845555362
579,6,27,3.0,845555402
580,6,31,3.0,845553819
581,6,32,4.0,845553426
582,6,34,4.0,845553354
583,6,36,5.0,845553726
584,6,41,4.0,845554962
585,6,43,4.0,845555607
586,6,45,3.0,845553907
587,6,46,4.0,845554551
588,6,47,4.0,845553317
589,6,50,1.0,845553381
590,6,54,4.0,845555402
591,6,60,4.0,845554263
592,6,61,4.0,845555454
593,6,62,4.0,845553660
594,6,65,3.0,845555070
595,6,66,3.0,845555151
596,6,76,4.0,845555317
597,6,79,3.0,845554907
598,6,86,5.0,845556131
599,6,87,3.0,845555300
600,6,88,2.0,845555694
601,6,89,4.0,845555124
602,6,92,4.0,845555454
603,6,93,4.0,845554584
604,6,95,4.0,845553559
874,7,1,4.5,1106635946
875,7,50,4.5,1106635993
876,7,58,3.0,1106635520
1026,8,2,4.0,839463806
1027,8,10,2.0,839463509
1028,8,11,4.0,839463806
1029,8,21,4.0,839463564
1030,8,32,3.0,839463624
1031,8,34,5.0,839463546
1032,8,39,3.0,839463644
1033,8,47,4.0,839463546
1034,8,50,5.0,839463644
1073,9,41,3.0,1044656650
1259,11,6,5.0,902154266
1260,11,10,3.0,902154316
1261,11,36,4.0,902155135
1262,11,44,2.0,902154593
1263,11,95,3.0,902154458
1323,12,39,4.0,1247264471
1355,13,47,5.0,987895819
1386,14,4,3.0,835441653
1387,14,7,3.0,835441989
1388,14,19,1.0,835441168
1389,14,25,4.0,835441394
1390,14,32,4.0,835441168
1391,14,39,3.0,835441186
1392,14,47,5.0,835441133
1393,14,95,5.0,835441295
1434,15,1,2.5,1510577970
1435,15,44,1.0,1299424916
1436,15,47,3.5,1510571970
1569,16,47,3.5,1377477814
1570,16,50,4.0,1377476781
1667,17,1,4.5,1305696483
1668,17,44,3.5,1305696245
1669,17,47,4.0,1307262715
1670,17,50,4.5,1305697013
1772,18,1,3.5,1455209816
1773,18,2,3.0,1455617462
1774,18,6,4.0,1460138360
1775,18,16,4.5,1461311583
1776,18,32,4.0,1455209840
1777,18,34,2.5,1455617533
1778,18,36,4.0,1455617478
1779,18,47,4.5,1455050013
1780,18,50,5.0,1455049343
1781,18,70,3.5,1455735732
2274,19,1,4.0,965705637
2275,19,2,3.0,965704331
2276,19,3,3.0,965707636
2277,19,7,2.0,965706657
2278,19,10,2.0,965709556
2279,19,12,1.0,965705347
2280,19,13,3.0,965709102
2281,19,15,2.0,965710039
2282,19,19,2.0,965708339
2283,19,32,4.0,965703646
2284,19,34,4.0,965705661
2285,19,44,3.0,965710019
2286,19,47,3.0,965710720
2287,19,48,1.0,965709172
2288,19,54,2.0,965702660
2289,19,64,2.0,965708037
2290,19,65,2.0,965708217
2291,19,70,2.0,965704974
2292,19,87,2.0,965708059
2293,19,92,2.0,965712048
2977,20,2,3.0,1054038313
2978,20,8,1.0,1054038422
2979,20,13,4.0,1054038425
2980,20,34,4.0,1054038093
2981,20,48,5.0,1054038357
3219,21,1,3.5,1407618878
3220,21,2,3.5,1419795031
3221,21,10,5.0,1403459783
3222,21,19,2.5,1419795052
3223,21,38,2.5,1419795113
3224,21,44,1.0,1376822969
3225,21,48,3.0,1376822924
3781,23,6,4.0,1107342267
3782,23,29,4.0,1107341574
3783,23,32,3.5,1107341750
3784,23,50,4.0,1107163741
3785,23,58,3.0,1107164183
3902,24,6,4.5,1458941767
3903,24,32,3.5,1458942033
3904,24,50,4.0,1458942023
4038,26,10,3.0,836950403
4039,26,34,3.0,836950483
4040,26,47,4.0,836950431
4059,27,1,3.0,962685262
4060,27,2,4.0,962685711
4061,27,34,5.0,962685351
4062,27,48,4.0,962685318
4063,27,60,3.0,962685387
4064,27,62,5.0,962684909
4194,28,6,3.5,1234570483
4195,28,16,2.5,1234570375
4196,28,21,3.0,1242290535
4197,28,23,1.5,1242290862
4198,28,31,2.5,1234334920
4199,28,32,3.5,1234335329
4200,28,47,3.0,1235975946
4201,28,50,3.5,1234337966
4202,28,62,3.5,1242290542
4203,28,95,2.0,1234516201
4764,29,50,3.5,1308007653
4879,31,1,5.0,850466616
4880,31,5,3.0,850466642
4881,31,7,4.0,850466642
4882,31,10,4.0,850467366
4883,31,17,3.0,850466616
4884,31,25,2.0,850466616
4885,31,62,4.0,850466616
4929,32,1,3.0,856736119
4930,32,3,3.0,856736172
4931,32,6,3.0,856736172
4932,32,7,4.0,856736173
4933,32,21,4.0,856737002
4934,32,24,3.0,856737205
4935,32,25,4.0,856736119
4936,32,26,4.0,856736347
4937,32,32,4.0,856736119
4938,32,36,4.0,856736172
4939,32,39,3.0,856737205
4940,32,50,5.0,856737002
4941,32,52,3.0,856736227
4942,32,58,5.0,856736227
4943,32,62,3.0,856736119
4944,32,74,4.0,856736316
4945,32,78,4.0,856736477
4946,32,95,3.0,856736119
5031,33,1,3.0,939647444
5032,33,7,1.0,939654896
5033,33,11,2.0,939654896
5034,33,17,4.0,939654828
5035,33,21,4.0,939715904
5036,33,25,3.0,939646902
5037,33,28,5.0,939654815
5038,33,32,3.0,939647370
5039,33,34,3.0,939646940
5040,33,36,5.0,939715317
5041,33,39,5.0,939654896
5042,33,43,2.0,939716739
5043,33,50,5.0,939646733
5044,33,58,4.0,939646784
5045,33,94,4.0,939716218
5187,34,10,5.0,1162048773
5188,34,70,3.5,1162048002
5273,35,11,4.0,830939577
5274,35,21,5.0,830939505
5275,35,39,3.0,830939546
5276,35,50,5.0,830939598
5277,35,60,5.0,830939912
5278,35,62,5.0,830939748
5296,36,25,2.5,1100803583
5377,38,11,5.0,841341447
5378,38,17,3.0,841341494
5379,38,21,3.0,841341362
5380,38,39,3.0,841341384
5381,38,48,3.0,841341570
5382,38,50,5.0,841341362
5383,38,62,3.0,841341570
5455,39,32,3.0,974787510
5456,39,47,3.0,974789632
5457,39,50,5.0,974788030
5555,40,1,5.0,832058959
5556,40,17,5.0,832059273
5557,40,19,2.0,832059137
5558,40,21,4.0,832059053
5559,40,26,4.0,832059937
5560,40,31,4.0,832059371
5561,40,34,5.0,832059080
5562,40,44,3.0,832059393
5563,40,46,4.0,832059892
5564,40,48,2.0,832059371
5565,40,60,4.0,832059509
5566,40,62,5.0,832059339
5567,40,82,5.0,832060151
5658,41,47,3.5,1458939486
5659,41,50,3.0,1459367479
5875,42,3,4.0,996221045
5876,42,7,3.0,996220162
5877,42,10,5.0,996215205
5878,42,11,5.0,996219314
5879,42,16,5.0,996218017
5880,42,19,2.0,996256258
5881,42,21,4.0,996219086
5882,42,22,5.0,996219167
5883,42,47,4.0,996218105
5884,42,50,5.0,996217838
5885,42,86,4.0,996220615
5886,42,95,3.0,996214545
6315,43,1,5.0,848993983
6316,43,3,5.0,848994405
6317,43,5,5.0,848994281
6318,43,7,5.0,848994392
6319,43,8,5.0,848994814
6320,43,10,4.0,848993747
6321,43,11,4.0,848993928
6322,43,23,5.0,848994451
6323,43,29,5.0,848994937
6324,43,34,5.0,848993816
6325,43,47,4.0,848993793
6326,43,48,5.0,848994152
6327,43,57,5.0,848994678
6328,43,60,5.0,848994424
6329,43,79,5.0,848994617
6330,43,95,4.0,848993983
6429,44,1,3.0,869251860
6430,44,3,3.0,869251910
6431,44,6,3.0,869251910
6432,44,12,1.0,869252043
6433,44,18,4.0,869252115
6434,44,36,4.0,869251910
6435,44,65,3.0,869252497
6436,44,66,3.0,869252563
6437,44,94,4.0,869252333
6438,44,95,4.0,869251861
6477,45,1,4.0,951170182
6478,45,5,3.0,959625102
6479,45,6,4.0,1121724608
6480,45,7,3.0,951170390
6481,45,11,3.0,951170225
6482,45,19,4.5,1091306129
6483,45,21,4.0,1091306011
6484,45,32,4.5,1121724503
6485,45,39,3.0,951170338
6486,45,50,5.0,951756750
6487,45,62,4.0,1091306047
6488,45,65,3.0,1020803228
6489,45,69,3.0,951170141
6490,45,70,4.0,951170563
6491,45,88,4.0,951170543
6876,46,1,5.0,834787906
6877,46,10,3.0,834787826
6878,46,32,4.0,834788094
6879,46,39,3.0,834788093
6880,46,50,5.0,834788094
6918,47,31,3.0,1496205717
6919,47,47,3.0,1496209354
6920,47,62,3.0,1496205312
7058,48,48,4.0,1127128718
7112,50,1,3.0,1514238116
7113,50,32,3.0,1523740563
7422,51,2,4.5,1230932741
7423,51,3,4.0,1230932736
7424,51,7,4.0,1230932700
7425,51,36,3.0,1230929322
7426,51,65,3.5,1230930652
7427,51,70,5.0,1230932691
7428,51,76,5.0,1230930644
7429,51,93,3.0,1230931640
7931,54,1,3.0,830247330
7932,54,17,3.0,830248246
7933,54,21,3.0,839921390
7934,54,32,3.0,830247417
7935,54,47,3.0,839921084
7936,54,50,3.0,830248246
7989,56,10,4.0,835799162
7990,56,11,4.0,835799366
7991,56,19,5.0,835799219
7992,56,39,4.0,835799274
7993,56,47,5.0,835799219
7994,56,69,4.0,835799457
8035,57,1,5.0,965796031
8036,57,6,3.0,972173446
8037,57,10,3.0,965798286
8038,57,11,3.0,965797264
8039,57,21,3.0,965796969
8040,57,32,4.0,965798685
8041,57,39,3.0,965796392
8042,57,50,5.0,965796686
8043,57,52,3.0,969753586
8044,57,65,1.0,965797815
8045,57,69,4.0,965797105
8046,57,70,1.0,965797305
8047,57,89,2.0,972174827
8048,57,95,3.0,969754664
8511,58,3,3.0,847719397
8512,58,5,4.0,847719151
8513,58,7,5.0,847719397
8514,58,19,1.0,847718718
8515,58,21,4.0,847718718
8516,58,22,3.0,847719108
8517,58,31,4.0,847719088
8518,58,32,5.0,847718745
8519,58,36,4.0,847718991
8520,58,39,5.0,847718745
8521,58,44,2.0,847718960
8522,58,47,5.0,847718657
8523,58,48,3.0,847719035
8524,58,50,5.0,847718718
8525,58,62,3.0,847718910
8623,59,10,3.0,953609378
8624,59,41,5.0,953609923
8730,60,48,3.0,1393541734
8731,60,50,3.0,1393542060
8732,60,60,3.0,1393541955
8752,61,16,4.0,1145531659
8753,61,32,4.5,1145532647
8754,61,50,4.5,1145532639
8791,62,2,4.0,1528843890
8792,62,6,4.5,1522190219
8793,62,47,4.5,1521489234
9157,63,1,5.0,1443199669
9158,63,10,3.0,1443201199
9159,63,32,3.0,1443199999
9160,63,34,3.0,1443201169
9161,63,47,4.0,1443201084
9162,63,50,5.0,1443199758
9428,64,1,4.0,1161520134
9429,64,3,3.5,1161519668
9430,64,6,4.5,1161520752
9431,64,16,5.0,1161528794
9432,64,19,3.5,1161521687
9433,64,22,3.5,1161559916
9434,64,25,3.5,1161521571
9435,64,32,4.0,1161520763
9436,64,34,4.5,1161520212
9437,64,36,4.0,1161521343
9438,64,39,4.0,1161520967
9439,64,45,3.5,1161564506
9440,64,47,4.5,1161520185
9441,64,48,3.0,1161529467
9442,64,50,3.0,1161528982
9443,64,70,4.0,1161559767
9979,66,1,4.0,1104643957
9980,66,5,4.0,1113190367
9981,66,18,4.0,1113190353
9982,66,19,3.0,1093143913
9983,66,21,4.0,1113190363
9984,66,29,4.5,1099187646
9985,66,32,5.0,1093747471
9986,66,47,5.0,1093747353
9987,66,50,4.0,1104644110
10360,68,1,2.5,1158531426
10361,68,2,2.5,1158532776
10362,68,3,2.0,1158533415
10363,68,5,2.0,1158533624
10364,68,6,4.0,1158532058
10365,68,7,2.0,1230498124
10366,68,10,4.5,1158531612
10367,68,11,4.5,1158531050
10368,68,16,3.5,1158533018
10369,68,17,3.5,1158531987
10370,68,18,2.0,1532897231
10371,68,19,1.5,1158532448
10372,68,25,3.5,1158531974
10373,68,26,3.0,1158534106
10374,68,31,3.5,1158535464
10375,68,34,1.0,1158531735
10376,68,39,4.0,1158532000
10377,68,44,3.0,1158534993
10378,68,47,4.0,1158531489
10379,68,48,4.0,1158533544
10380,68,50,3.0,1158531764
10381,68,62,3.5,1158531021
10382,68,65,1.5,1269123315
10383,68,70,4.0,1158534541
10384,68,95,3.5,1158532180
11620,69,50,5.0,1021646926
11666,70,36,5.0,1355198746
11728,71,1,5.0,864737933
11729,71,7,3.0,864738008
11730,71,17,1.0,864737933
11731,71,24,2.0,864740028
11732,71,62,4.0,864737933
11733,71,86,5.0,864738119
11734,71,95,4.0,864737933
11763,72,32,4.5,1217324825
11764,72,47,4.5,1217324851
11765,72,50,4.5,1217324720
11808,73,1,4.5,1464196374
12018,74,58,5.0,1207502891
12195,75,47,2.0,1158968272
12264,76,1,0.5,1439165548
12265,76,47,3.5,1439168120
12266,76,48,0.5,1439168949
12412,78,1,4.0,1252575124
12413,78,20,3.0,1252573422
12414,78,32,3.5,1252575140
12473,79,6,4.0,975282111
12537,80,32,4.0,1377308186
12538,80,50,4.5,1377308037
12704,81,10,1.0,845299756
12705,81,32,5.0,845299983
12706,81,47,3.0,845299983
12730,82,1,2.5,1084467729
12731,82,2,3.0,1084465035
12732,82,6,3.5,1084467865
12733,82,10,3.5,1084467796
12734,82,34,2.0,1084467775
12735,82,47,3.5,1084467783
13075,84,4,3.0,858772461
13076,84,5,3.0,857653289
13077,84,6,4.0,857653289
13078,84,7,3.0,857653289
13079,84,10,3.0,860397812
13080,84,11,4.0,858771861
13081,84,14,4.0,857653349
13082,84,17,5.0,857653240
13083,84,21,4.0,858772111
13084,84,25,5.0,860396793
13085,84,31,3.0,860398679
13086,84,34,4.0,858772153
13087,84,36,5.0,857653289
13088,84,45,4.0,858772239
13089,84,46,3.0,858771890
13090,84,50,4.0,857653594
13091,84,52,5.0,857653318
13092,84,55,4.0,858772543
13093,84,57,3.0,858771951
13094,84,62,4.0,857653240
13095,84,94,4.0,857653422
13096,84,95,2.0,857653240
13368,85,53,5.0,889468268
13402,86,1,4.0,1344082549
13472,87,60,3.0,1270702696
13493,88,16,4.5,1331421395
13494,88,50,5.0,1331421330
13495,88,69,3.5,1331420307
13549,89,1,3.0,1520408314
13550,89,11,2.5,1520408449
13551,89,88,2.0,1520408790
14067,90,1,3.0,856353996
14068,90,7,4.0,856354037
14069,90,14,5.0,856354100
14070,90,17,5.0,856353996
14071,90,25,5.0,856353996
14072,90,32,4.0,856353996
14073,90,36,4.0,856354037
14074,90,52,5.0,856354072
14075,90,58,5.0,856354071
14076,90,68,3.0,856354249
14077,90,81,3.0,856354174
14078,90,82,5.0,856354212
14079,90,85,5.0,856354195
14121,91,1,4.0,1112713037
14122,91,2,3.0,1112713392
14123,91,3,3.0,1112712323
14124,91,6,5.0,1112712032
14125,91,10,3.5,1112713269
14126,91,16,4.5,1112710867
14127,91,19,2.0,1112713417
14128,91,21,4.0,1112712052
14129,91,22,3.5,1112712292
14130,91,25,2.0,1112713314
14131,91,29,4.0,1112711719
14132,91,32,4.0,1112711273
14133,91,36,3.0,1112712316
14134,91,39,1.5,1112713319
14135,91,41,4.0,1112716937
14136,91,47,4.5,1112712832
14137,91,50,4.5,1112712816
14138,91,58,2.0,1112710933
14139,91,88,3.0,1112716912
14140,91,92,2.0,1112716903
14141,91,95,3.0,1112711260
14720,93,1,3.0,942767337
14721,93,2,5.0,942946208
14722,93,10,4.0,942946208
14723,93,15,4.0,942946091
14724,93,34,5.0,942767143
14725,93,60,4.0,942946445
14726,93,86,4.0,942946013
14817,94,2,4.0,843406960
14818,94,10,3.0,843406732
14819,94,11,3.0,843406930
14820,94,17,1.0,843406942
14821,94,19,2.0,843406846
14822,94,21,3.0,843406846
14823,94,32,5.0,843406866
14824,94,34,4.0,843406765
14825,94,39,1.0,843406866
14826,94,44,1.0,843406960
14827,94,47,2.0,843406765
14828,94,95,3.0,843406942
14873,95,7,3.0,1043340043
14874,95,18,3.5,1105400752
14875,95,25,5.0,1044744590
14876,95,29,5.0,1043340522
14877,95,32,4.0,1043340522
14878,95,34,4.0,1071803856
14879,95,39,4.0,1043339476
15041,96,1,5.0,964772990
15042,96,34,5.0,964773008
15043,96,50,5.0,964773008
15155,98,1,4.5,1532457849
15247,99,10,4.0,829827514
15248,99,22,4.0,829828005
15249,99,23,4.0,829828005
15300,100,3,3.5,1100183804
15301,100,11,4.0,1100184041
15302,100,16,4.5,1100185959
15303,100,17,4.5,1100184147
15304,100,19,1.0,1100183757
15305,100,28,4.5,1100184447
15306,100,62,4.0,1100185952
15307,100,74,4.0,1100186732
15308,100,89,4.0,1100186731
15309,100,95,4.5,1100185961
15509,102,3,5.0,840635033
15510,102,6,3.0,835877535
15511,102,21,3.0,835876107
15512,102,23,3.0,835877570
15513,102,39,3.0,835876151
15514,102,47,5.0,835876045
15565,103,1,4.0,1431954238
15566,103,2,4.0,1431957270
15567,103,5,4.0,1431957598
15568,103,16,5.0,1450982615
15569,103,18,5.0,1431969228
15570,103,19,3.5,1431957278
15571,103,34,4.0,1431957104
15572,103,36,4.0,1431957252
15573,103,48,3.5,1431957563
15574,103,50,4.0,1431955220
15575,103,60,4.0,1431968436
15576,103,70,3.5,1431957632
15942,104,2,3.0,1114809641
15943,104,10,3.0,1048595683
15944,104,31,4.0,1049135743
15945,104,39,4.0,1048587379
15946,104,47,0.5,1053336550
15947,104,87,3.0,1048795372
16215,105,6,4.0,1446773632
16216,105,16,4.5,1446749417
16217,105,32,3.5,1446571805
16218,105,47,5.0,1446571714
16219,105,50,5.0,1446571713
16970,107,1,4.0,829322340
16971,107,2,5.0,829322340
16972,107,5,4.0,829322340
16973,107,11,5.0,829322340
16974,107,62,5.0,829322340
17004,108,25,4.0,1042838964
17005,108,82,5.0,1042839636
17080,109,6,3.0,841108665
17081,109,11,4.0,841108045
17082,109,14,4.0,841109326
17083,109,16,4.0,841108751
17084,109,18,3.0,841109921
17085,109,21,3.0,841107538
17086,109,25,5.0,841108589
17087,109,31,3.0,841108623
17088,109,32,4.0,841107643
17089,109,34,3.0,841107487
17090,109,36,5.0,841143673
17091,109,39,3.0,841107584
17092,109,45,3.0,841108914
17093,109,47,3.0,841107393
17094,109,50,4.0,841107584
17095,109,52,3.0,841109666
17096,109,62,5.0,841108564
17097,109,76,3.0,841151480
17207,110,47,4.5,1175330162
17258,111,5,3.5,1517441319
17259,111,16,4.5,1518640768
17260,111,24,2.5,1518640854
17261,111,34,2.5,1516153818
17262,111,39,4.0,1516153474
17263,111,48,3.5,1518640791
17264,111,65,3.5,1518640926
17904,112,1,3.0,1442535639
17905,112,2,1.5,1513989948
17906,112,6,4.5,1513989933
17907,112,16,4.5,1513990003
17908,112,17,0.5,1513989967
17909,112,19,4.0,1513989970
17910,112,21,2.0,1513989975
17911,112,25,2.5,1513989973
17912,112,32,5.0,1442535842
17913,112,36,0.5,1513989966
17914,112,39,0.5,1513989927
17915,112,47,5.0,1442535846
17916,112,50,5.0,1442535839
17917,112,62,4.0,1513989987
17918,112,95,1.5,1513989977
17969,113,11,3.0,980051838
17970,113,25,1.0,980051660
17971,113,39,3.0,980051704
17972,113,46,3.0,980051838
17973,113,64,2.0,980051988
17974,113,71,1.0,980051522
17975,113,74,3.0,980051922
18150,115,21,4.0,970756771
18151,115,32,5.0,958574098
18152,115,34,2.0,957760059
18262,116,3,3.5,1337200325
18263,116,47,3.5,1337199584
18349,117,2,3.0,844163002
18350,117,3,3.0,844163663
18351,117,5,3.0,844163754
18352,117,6,3.0,844163102
18353,117,7,4.0,844163615
18354,117,10,3.0,844162850
18355,117,11,4.0,844162970
18356,117,17,3.0,844163037
18357,117,19,2.0,844162892
18358,117,21,4.0,844162913
18359,117,26,4.0,844163712
18360,117,31,3.0,844163204
18361,117,32,3.0,844162955
18362,117,34,3.0,844163454
18363,117,36,3.0,844163102
18364,117,39,3.0,844162955
18365,117,41,4.0,844163693
18366,117,44,2.0,844163037
18367,117,47,4.0,844162892
18368,117,48,3.0,844163082
18369,117,50,4.0,844162933
18370,117,60,3.0,844163754
18371,117,62,4.0,844163122
18372,117,73,4.0,844163663
18514,118,25,2.0,944924731
18536,119,1,3.5,1435942468
18537,119,10,4.0,1435943180
18538,119,44,3.0,1435943918
18751,120,5,4.0,860070029
18752,120,12,3.0,860070182
18753,120,32,3.0,860069973
18754,120,52,3.0,860070065
18773,121,1,4.0,847656180
18774,121,5,3.0,847656405
18775,121,6,5.0,847656264
18776,121,11,4.0,847656100
18777,121,16,5.0,847656340
18778,121,19,2.0,847656045
18779,121,22,3.0,847656357
18780,121,25,4.0,847656224
18781,121,39,4.0,847656062
18782,121,44,1.0,847656224
18783,121,47,3.0,847656010
18784,121,62,5.0,847656203
18785,121,95,3.0,847656129
18831,122,2,4.0,1461561176
18832,122,19,3.5,1461562132
18833,122,32,5.0,1461561526
18834,122,47,4.5,1461561420
18835,122,50,5.0,1461561151
18836,122,70,4.5,1461562250
19123,123,47,4.5,1447291940
19179,124,1,4.0,1336584336
19180,124,50,4.5,1336412889
19229,125,2,4.0,1474311709
19230,125,81,3.0,1474415153
19589,126,34,3.0,845925854
19590,126,47,5.0,845925822
19682,129,47,3.5,1167376335
19822,130,1,3.0,832589610
19850,131,31,3.0,1349838570
19851,131,47,4.0,1349840567
19852,131,50,4.0,1349840171
19919,132,1,2.0,1157921785
19920,132,17,3.0,1157922698
19921,132,29,2.0,1157924165
19922,132,32,3.0,1329983726
19923,132,34,1.5,1157921395
19924,132,39,3.0,1157921453
19925,132,45,2.5,1157923125
19926,132,47,4.0,1157921243
19927,132,48,3.0,1157919960
19928,132,50,4.0,1157920377
19929,132,58,2.0,1157919923
19930,132,70,2.5,1157923053
19931,132,89,2.5,1157997580
20266,133,32,4.0,843491488
20267,133,47,4.0,843491396
20268,133,50,3.0,843491446
20301,134,1,3.0,832841103
20302,134,47,4.0,832841168
20303,134,48,3.0,832841524
20336,135,1,4.0,1009691859
20337,135,2,3.0,1009692764
20338,135,21,3.0,1009691915
20339,135,32,5.0,1009691695
20340,135,47,5.0,1009691144
20341,135,65,1.0,1009692359
20615,136,10,5.0,832449222
20616,136,15,5.0,832449934
20617,136,16,5.0,832449614
20618,136,19,3.0,832449345
20619,136,23,5.0,832449838
20620,136,34,2.0,832449299
20621,136,44,2.0,832449539
20622,136,47,5.0,832449299
20623,136,62,5.0,832449522
20624,136,93,4.0,832450076
20625,136,95,4.0,832449391
20726,137,1,4.0,1204859907
20889,139,19,1.0,1453924016
21083,140,1,3.0,942924980
21084,140,2,3.5,1085569813
21085,140,6,5.0,942843185
21086,140,11,4.0,949667337
21087,140,21,4.0,949666898
21088,140,22,3.0,951163606
21089,140,23,3.0,967049087
21090,140,34,4.0,942910010
21091,140,47,4.0,942842215
21092,140,50,3.0,942840991
21093,140,62,4.5,1055092420
21094,140,86,4.0,942844005
21095,140,95,2.5,1085569725
21691,141,1,4.0,1513130643
21692,141,19,2.0,1513130814
21693,141,47,3.0,1513130660
21859,142,34,4.0,838932132
21860,142,36,4.0,838933753
21861,142,47,4.0,838934238
21862,142,50,5.0,838934155
21863,142,95,3.0,838934522
21968,144,1,3.5,1137323419
21969,144,2,3.0,1137323803
21970,144,10,3.0,1137323629
21971,144,17,4.0,1137323659
21972,144,19,3.0,1136812137
21973,144,25,3.0,1136813341
21974,144,32,4.0,1137323444
21975,144,34,3.0,1137323545
21976,144,39,3.5,1137323676
21977,144,47,4.5,1137323517
21978,144,48,4.5,1137324255
22096,145,1,5.0,832105242
22097,145,50,5.0,832105428
22119,146,32,5.0,1312508179
22151,147,5,4.5,1203267700
22219,149,2,1.0,902084874
22220,149,32,4.0,902085272
22277,150,3,3.0,854203124
22278,150,5,3.0,854203124
22279,150,6,4.0,854203123
22280,150,7,3.0,854203124
22281,150,25,4.0,854203072
22282,150,32,5.0,854203071
22283,150,36,4.0,854203123
22284,150,52,4.0,854203163
22285,150,58,3.0,854203163
22286,150,62,3.0,854203072
22287,150,79,3.0,854203229
22288,150,95,3.0,854203072
22303,151,1,5.0,855947195
22304,151,3,3.0,855947242
22305,151,9,4.0,855947372
22306,151,12,3.0,855947434
22307,151,62,4.0,855947196
22308,151,75,3.0,855948083
22309,151,92,1.0,855948256
22310,151,95,4.0,855947196
22362,152,47,5.0,1450867741
22363,152,50,4.5,1450572430
22425,153,1,2.0,1525548642
22426,153,2,2.0,1525550601
22638,155,1,3.0,961861723
22684,156,1,4.0,1106854640
22685,156,11,3.0,946799769
22686,156,17,4.0,939884874
22687,156,19,3.0,1106855017
22688,156,21,5.0,946799679
22689,156,25,4.0,1106854805
22690,156,34,4.0,939853183
22691,156,39,1.0,939842934
22692,156,45,4.0,946799570
22693,156,47,3.5,1106854709
22694,156,50,4.0,940001349
22695,156,52,3.5,1106855391
22696,156,58,4.0,1106855269
22697,156,62,2.0,1106854830
22698,156,68,2.0,946799375
23129,159,1,4.5,1508640172
23130,159,31,3.5,1508641164
23131,159,62,3.0,1508641179
23226,160,1,4.0,971115026
23227,160,2,4.0,971619578
23228,160,6,2.0,971115114
23229,160,10,1.0,971196422
23230,160,22,1.0,971437089
23231,160,32,5.0,971113953
23232,160,34,5.0,971619022
23233,160,44,3.0,971115727
23234,160,47,5.0,971115962
23235,160,50,4.0,971113158
23236,160,60,2.0,971619579
23237,160,76,4.0,971196402
23238,160,79,1.0,971196754
23239,160,85,5.0,991075851
23240,160,93,1.0,976798624
23241,160,95,1.0,971112529
23663,161,1,4.0,1176751765
23664,161,48,4.0,1176498494
23702,162,4,3.0,836684306
23703,162,16,5.0,836511416
23704,162,17,5.0,836510953
23705,162,31,4.0,836511596
23706,162,36,5.0,836511416
23707,162,50,4.0,836511263
23708,162,62,5.0,836510953
23864,166,1,5.0,1189980529
23865,166,6,3.5,1190828796
23866,166,10,4.5,1190827465
23867,166,17,4.0,1190828781
23868,166,32,4.0,1189038252
23869,166,47,4.0,1188774624
23870,166,50,5.0,1188774404
24054,167,1,3.5,1154721923
24055,167,39,2.0,1154723333
24056,167,69,2.5,1154719322
24321,169,1,4.5,1059427918
24322,169,2,4.0,1078284713
24323,169,3,5.0,1078284750
24324,169,5,5.0,1078284788
24325,169,7,4.5,1078284741
24326,169,11,4.0,1059427956
24327,169,34,4.0,1059427862
24328,169,39,3.5,1059428140
24329,169,48,3.5,1059427123
24330,169,60,4.0,1078285375
24331,169,62,5.0,1078284604
24332,169,73,4.0,1070250173
24590,170,5,3.0,840473290
24591,170,10,3.0,840472869
24592,170,34,5.0,840472895
24593,170,48,4.0,840473093
24594,170,95,3.0,840473046
24640,171,1,5.0,866904159
24641,171,25,5.0,866904159
24642,171,29,5.0,866904396
24643,171,32,5.0,866904158
24644,171,36,4.0,866904192
24645,171,47,5.0,866905267
24646,171,81,5.0,866904379
24748,173,10,3.0,843397944
24749,173,17,4.0,843398078
24773,174,10,3.0,848486985
24774,174,11,5.0,848487132
24775,174,32,3.0,848487101
24776,174,34,4.0,848487060
24777,174,39,4.0,848487101
24778,174,50,3.0,848487075
24779,174,62,1.0,848487212
24864,176,10,5.0,840108984
24865,176,39,3.0,840108930
24866,176,47,5.0,840109138
24900,177,1,5.0,1435533535
24901,177,2,3.5,1435534109
24902,177,7,1.0,1435534432
24903,177,11,3.0,1435890660
24904,177,16,3.0,1435890664
24905,177,19,2.0,1435534140
24906,177,28,2.5,1435536420
24907,177,39,4.0,1435890554
24908,177,47,4.5,1435533571
24909,177,48,3.0,1435534447
24910,177,50,4.0,1435523529
24911,177,60,3.0,1435535258
25804,178,1,4.0,1164354911
25805,178,10,4.0,1164355337
25806,178,25,4.5,1164355401
25807,178,47,4.5,1164355292
25808,178,50,4.5,1163673981
25881,179,1,4.0,852114051
25882,179,3,4.0,852114317
25883,179,7,3.0,852115405
25884,179,9,3.0,852114156
25885,179,18,4.0,852115405
25886,179,19,3.0,840907679
25887,179,32,4.0,852114116
25888,179,34,5.0,840907679
25889,179,47,4.0,840907616
25890,179,52,4.0,852115696
25891,179,65,3.0,852115576
25892,179,95,3.0,852114051
25974,181,5,3.0,845470124
25975,181,6,3.0,845469804
25976,181,7,3.0,845470611
25977,181,10,2.0,845469438
25978,181,11,5.0,845469653
25979,181,16,3.0,845469893
25980,181,21,2.0,845469555
25981,181,22,3.0,845469972
25982,181,24,3.0,845470571
25983,181,25,1.0,845469842
25984,181,31,3.0,845469893
25985,181,34,5.0,845469500
25986,181,39,3.0,845469625
25987,181,45,3.0,845470124
25988,181,47,3.0,845469500
25989,181,61,4.0,845472115
25990,181,62,4.0,845469756
25991,181,79,4.0,845470717
25992,181,86,4.0,845472271
26092,182,1,4.0,1063289621
26093,182,6,4.5,1054782012
26094,182,10,3.5,1054782216
26095,182,14,4.0,1063289654
26096,182,16,5.0,1054783631
26097,182,17,4.0,1066428620
26098,182,18,5.0,1055153282
26099,182,21,2.5,1054782030
26100,182,23,3.5,1055153587
26101,182,25,4.5,1054783186
26102,182,26,4.0,1063648819
26103,182,29,4.0,1054779789
26104,182,32,4.0,1054779785
26105,182,36,4.5,1063289589
26106,182,41,4.5,1054781875
26107,182,44,1.5,1055150820
26108,182,45,3.0,1075764933
26109,182,47,4.0,1054781315
26110,182,50,4.5,1054781309
26111,182,69,3.0,1054784267
26112,182,70,4.5,1077804802
26113,182,76,3.5,1055152107
26114,182,81,3.5,1055154219
26115,182,89,3.0,1055151186
26116,182,94,4.0,1075765007
26117,182,97,4.5,1075764905
27260,185,1,4.0,1044311830
27261,185,34,2.0,1044311830
27307,186,1,4.0,1031080831
27308,186,2,4.0,1031087675
27309,186,10,4.0,1031088020
27533,187,16,4.0,1161849621
27534,187,25,3.0,1161872627
27535,187,29,4.0,1161849623
27536,187,47,4.0,1161850486
27537,187,50,4.5,1161849680
27538,187,70,4.0,1161849108
27539,187,97,3.0,1180301412
27791,188,7,4.0,962559461
27925,191,1,4.0,829759809
27926,191,6,4.0,829759809
27927,191,16,4.0,829759809
27928,191,17,5.0,829759809
27929,191,21,4.0,829759809
27930,191,25,5.0,829759809
27931,191,32,5.0,829759809
27932,191,34,4.0,829760897
27933,191,36,5.0,829759809
27934,191,39,1.0,829760897
27935,191,47,4.0,829760898
27936,191,50,5.0,829760898
27937,191,52,5.0,829759809
27938,191,58,4.0,829759809
27939,191,72,4.0,829760897
27940,191,85,5.0,829759809
27941,191,94,4.0,829759809
27942,191,95,3.0,829759809
27943,191,99,5.0,829759809
28010,192,10,5.0,835128874
28011,192,47,3.0,835129031
28032,193,1,2.0,1435856890
28067,194,48,2.0,1110316714
28087,195,6,4.0,974705807
28088,195,10,4.0,974705349
28089,195,16,4.0,974705903
28090,195,25,4.0,1008558673
28091,195,32,4.0,974709650
28092,195,36,4.0,1008558588
28093,195,50,5.0,974705671
28094,195,70,4.0,979858326
28274,196,62,4.5,1460954240
28306,197,50,3.0,947462391
28341,198,17,3.0,1034136028
28342,198,24,4.0,1034138101
28343,198,25,4.0,1034136139
28344,198,32,5.0,1034135531
28345,198,34,4.0,1034137414
28346,198,36,5.0,1034136028
28347,198,47,5.0,1034136177
28348,198,50,5.0,1034136008
28349,198,58,5.0,1034137364
28350,198,66,1.0,1034135137
28571,199,6,4.0,1057590506
28572,199,7,3.0,940544181
28573,199,11,4.0,940543988
28574,199,20,2.0,1022161793
28575,199,21,4.0,940372914
28576,199,25,5.0,940372513
28577,199,36,4.0,940372656
28578,199,47,3.0,940372883
28579,199,50,4.0,940372419
28580,199,62,1.0,941295529
28581,199,81,3.0,940544216
28582,199,85,1.0,940380890
28934,200,1,3.5,1229886312
28935,200,5,4.0,1229876436
28936,200,10,4.5,1229887453
28937,200,19,3.5,1229877095
28938,200,34,2.5,1229877775
28939,200,39,5.0,1229886362
28940,200,47,4.0,1229885752
28941,200,62,3.0,1229886642
29268,201,1,5.0,939801780
29269,201,11,4.0,939227085
29270,201,16,4.0,939227554
29271,201,24,4.0,941211478
29272,201,25,5.0,939227591
29273,201,32,4.0,939833041
29274,201,34,5.0,939801740
29275,201,46,1.0,939227085
29378,202,1,4.0,974923506
29379,202,2,4.0,974923336
29380,202,6,5.0,974918622
29381,202,10,4.0,974919042
29382,202,11,4.0,975013705
29383,202,29,4.0,974923156
29384,202,32,4.0,974925068
29385,202,44,2.0,974923392
29386,202,49,3.0,974925453
29387,202,50,4.0,974924628
29388,202,58,4.0,975013724
29389,202,62,3.0,975013683
29781,203,31,3.5,1390094511
29826,204,47,5.0,1327182956
29936,206,1,5.0,850763267
29937,206,7,4.0,850763310
29938,206,14,4.0,850763367
29939,206,17,5.0,850763267
29940,206,25,5.0,850763267
29941,206,32,3.0,850763267
29942,206,36,5.0,850763310
29943,206,58,5.0,850763367
29944,206,62,4.0,850763267
29945,206,95,3.0,850763267
29981,208,10,2.0,940639452
30180,211,50,4.0,1350912267
30517,213,1,3.5,1316196157
30601,214,1,3.0,853937855
30602,214,17,3.0,853937855
30603,214,25,2.0,853937855
30604,214,62,3.0,853937855
30605,214,66,3.0,853938014
30606,214,83,3.0,853938185
30623,215,50,5.0,1260908668
30721,216,1,3.0,975211713
30722,216,21,3.0,975212544
30723,216,34,5.0,975212451
30724,216,39,3.0,975212451
30725,216,48,2.0,975211866
30885,217,1,4.0,955942540
30886,217,2,2.0,955942327
30887,217,3,1.0,955944713
30888,217,6,2.0,955935939
30889,217,9,3.0,955941157
30890,217,10,4.0,955940584
30891,217,12,3.0,955945336
30892,217,19,1.0,955945611
30893,217,20,2.0,955941424
30894,217,22,3.0,955943052
30895,217,34,4.0,955943345
30896,217,38,2.0,955945548
30897,217,44,2.0,955941505
30898,217,45,2.0,955943999
30899,217,47,2.0,955942953
30900,217,50,3.0,955942801
30901,217,60,2.0,955942221
30902,217,65,1.0,955945452
30903,217,87,3.0,955945423
30904,217,89,4.0,955940533
30905,217,95,3.0,955941157
31524,219,1,3.5,1194681084
31525,219,2,2.5,1194740185
31526,219,6,3.5,1198783144
31527,219,10,4.5,1194932162
31528,219,19,2.5,1194932235
31529,219,21,3.5,1199581468
31530,219,32,3.5,1194686177
31531,219,44,1.5,1195349252
31532,219,47,3.5,1194686017
31533,219,50,5.0,1194685882
31534,219,65,1.0,1198782611
31535,219,95,1.5,1198782277
32052,220,1,5.0,1230055565
32053,220,6,3.5,1230061735
32054,220,10,4.0,1230055828
32055,220,32,4.5,1230055680
32056,220,34,4.5,1230055796
32057,220,47,3.0,1230055738
32058,220,50,5.0,1230054959
32259,221,2,3.5,1111177796
32260,221,29,4.5,1119984574
32261,221,32,5.0,1111177792
32262,221,50,4.5,1118246575
32263,221,58,4.5,1111176234
32590,222,2,2.5,1391353926
32591,222,19,3.5,1391351897
32592,222,32,3.0,1391353917
32593,222,47,4.0,1391350444
32594,222,50,3.0,1391346849
32840,223,1,3.5,1226209758
32841,223,34,1.0,1226209953
32842,223,47,3.0,1226209770
32915,224,39,5.0,971812919
32969,225,69,5.0,949111262
33044,226,1,3.5,1095662606
33045,226,2,3.0,1095662788
33046,226,3,3.5,1095662861
33047,226,10,4.0,1095662675
33048,226,16,4.5,1095662900
33049,226,19,3.5,1095662814
33050,226,22,2.0,1095662268
33051,226,32,4.0,1095662618
33052,226,39,3.0,1095662724
33053,226,44,3.5,1095663137
33054,226,47,5.0,1160003508
33055,226,48,3.0,1095663041
33056,226,60,2.5,1114838860
33057,226,63,3.5,1096420461
33058,226,65,3.0,1095712984
33059,226,69,4.0,1172040506
33060,226,88,3.0,1097545177
33551,227,17,3.5,1447210004
33552,227,32,4.5,1447210296
33553,227,47,5.0,1447209787
33645,228,50,4.5,1363222968
33646,228,65,2.0,1363222731
33670,229,1,5.0,838144316
33671,229,5,3.0,838143681
33672,229,10,4.0,836941790
33673,229,19,3.0,836942063
33674,229,21,4.0,836942097
33675,229,34,5.0,836942064
33676,229,36,4.0,838147251
33677,229,45,3.0,838143681
33735,230,2,2.5,1196305107
33736,230,34,2.0,1196304670
33737,230,39,3.0,1196304844
33738,230,47,3.0,1196304391
33898,232,1,3.5,1076955621
33899,232,2,4.0,1085351710
33900,232,10,3.0,1218167397
33901,232,39,3.0,1182909940
33902,232,47,4.5,1241823324
33903,232,48,2.5,1218169473
34760,233,1,3.0,1524781249
34761,233,47,3.5,1524781264
34762,233,50,4.0,1472587568
34910,234,1,5.0,1004409347
34911,234,24,5.0,1004407893
34912,234,34,3.0,1004409582
34913,234,42,4.0,1004408338
34914,234,48,5.0,1004409503
34915,234,60,4.0,1004409020
34916,234,65,3.0,1001975877
35112,235,10,2.0,841422389
35113,235,11,4.0,841422530
35114,235,21,4.0,841422461
35115,235,25,5.0,841422634
35116,235,32,4.0,841422499
35117,235,34,4.0,841422446
35118,235,36,4.0,841422650
35119,235,39,3.0,841422477
35120,235,48,3.0,841422615
35121,235,62,5.0,841422615
35207,237,32,5.0,1411233598
35208,237,50,2.5,1410631753
35301,239,1,4.0,1221158265
35302,239,6,5.0,1221158564
35303,239,11,5.0,1221159019
35304,239,16,4.5,1221159148
35305,239,20,3.5,1221147484
35306,239,21,4.0,1221158640
35307,239,23,3.5,1221147477
35308,239,32,5.0,1221159452
35309,239,47,5.0,1221158250
35310,239,50,4.5,1221158083
35311,239,95,3.5,1221158503
35580,240,1,5.0,849122434
35581,240,2,5.0,849122404
35582,240,3,4.0,849122858
35583,240,10,3.0,849122194
35584,240,16,3.0,849122640
35585,240,19,5.0,849122301
35586,240,31,4.0,849122640
35587,240,34,5.0,849122277
35588,240,39,5.0,849122324
35589,240,44,4.0,849122528
35590,240,46,3.0,849123161
35591,240,48,3.0,849122594
35592,240,60,4.0,849122924
35593,240,95,5.0,849122434
35708,241,47,4.0,1447540959
35709,241,50,4.0,1447536935
35784,242,21,3.0,834073178
35785,242,32,5.0,834073281
35786,242,39,3.0,834073303
35787,242,47,5.0,834073178
35819,243,10,5.0,837155138
35820,243,36,4.0,837155409
35821,243,44,4.0,837155345
35822,243,48,4.0,837155356
35823,243,62,5.0,837155394
35855,244,6,5.0,975092819
35856,244,10,5.0,975091789
35969,246,17,5.0,1354126066
35970,246,28,4.5,1354126962
35971,246,29,5.0,1353864666
35972,246,50,4.5,1353869486
36173,247,1,5.0,1467644119
36174,247,32,3.0,1467661273
36175,247,47,4.0,1467644262
36176,247,50,5.0,1467643861
36323,248,10,3.5,1534591944
36374,249,1,4.0,1347317775
36375,249,2,4.0,1353800871
36376,249,19,3.5,1354107358
36377,249,20,3.5,1355366891
36378,249,32,5.0,1346752537
36379,249,47,5.0,1346757700
36380,249,48,3.0,1346752050
36381,249,50,4.0,1364546154
36382,249,70,4.0,1355677606
36383,249,89,3.5,1370785235
37420,250,45,4.0,1121217522
37447,251,47,5.0,1470677268
37470,252,1,4.5,1498284904
37508,253,29,4.5,1286643322
37555,254,1,4.5,1180446553
37556,254,32,4.5,1180446451
37557,254,47,4.5,1180447550
37558,254,50,4.5,1180564704
37559,254,79,2.0,1180443477
37682,255,34,1.0,1005717433
37726,256,18,5.0,1447000271
37900,257,7,1.0,1141625546
37901,257,16,3.5,1141625441
37945,259,2,2.0,1146845339
37946,259,32,5.0,1146845633
37974,260,29,4.0,1109409486
37975,260,47,4.5,1109408487
37976,260,50,5.0,1109410623
38126,261,16,4.0,1404881583
38127,261,47,4.0,1404881499
38128,261,50,4.0,1404881245
38179,262,4,1.0,840306203
38180,262,7,3.0,840306238
38181,262,10,2.0,840305646
38182,262,17,3.0,840305810
38183,262,21,3.0,840305713
38184,262,25,3.0,840305912
38185,262,26,3.0,840309913
38186,262,28,5.0,840310932
38187,262,36,5.0,840305940
38188,262,48,1.0,840305912
38189,262,50,3.0,840305713
38190,262,57,3.0,840306644
38191,262,85,3.0,840306620
38236,263,1,4.0,940384199
38237,263,11,4.0,941590364
38238,263,17,5.0,940384427
38239,263,24,3.0,941590705
38240,263,34,4.0,940384374
38241,263,36,4.0,940384427
38242,263,39,4.0,941590574
38446,264,1,4.0,1136978964
38447,264,32,1.0,1136979041
38448,264,48,3.0,1136978326
38502,265,25,1.0,965318357
38503,265,32,4.0,965316504
38504,265,36,4.0,965316145
38505,265,79,2.0,965318627
38665,266,1,2.0,945669542
38666,266,6,4.0,944980835
38667,266,16,5.0,944981193
38668,266,17,1.0,944980787
38669,266,21,4.0,945669287
38670,266,24,1.0,948586506
38671,266,32,4.0,945751855
38672,266,39,2.0,945669397
38673,266,45,2.0,945669246
38674,266,50,4.0,944980462
38675,266,64,1.0,945669246
38676,266,69,5.0,945669505
38677,266,95,3.0,946768666
38845,267,29,4.0,997136080
38846,267,58,5.0,959807857
38902,268,29,5.0,940182766
38903,268,41,4.0,940181204
38904,268,46,1.0,940180773
38905,268,47,3.0,940180858
38906,268,50,5.0,940180799
39031,269,1,5.0,850865423
39032,269,3,4.0,850865480
39033,269,5,3.0,850865480
39034,269,6,5.0,850865480
39035,269,9,2.0,850865553
39036,269,25,5.0,850865423
39037,269,32,4.0,850865423
39038,269,63,3.0,850865688
39039,269,74,5.0,850865586
39040,269,76,2.0,850865622
39041,269,79,4.0,850865553
39042,269,81,3.0,850865720
39043,269,95,3.0,850865423
39060,270,1,5.0,853918728
39061,270,3,3.0,853918793
39062,270,5,3.0,853918793
39063,270,6,3.0,853918793
39064,270,7,3.0,853918793
39065,270,9,3.0,853918943
39066,270,14,5.0,853918850
39067,270,17,4.0,853918728
39068,270,25,4.0,853918728
39069,270,32,4.0,853918727
39070,270,36,5.0,853918793
39071,270,52,4.0,853918850
39072,270,58,4.0,853918849
39073,270,62,5.0,853918728
39074,270,79,2.0,853918942
39075,270,95,2.0,853918728
39100,271,32,4.0,1234302161
39174,273,1,5.0,835861234
39175,273,12,1.0,835860711
39176,273,21,5.0,835860782
39177,273,32,5.0,835861257
39178,273,34,4.0,835860782
39229,274,1,4.0,1171410158
39230,274,2,3.5,1171934785
39231,274,6,4.0,1197022122
39232,274,8,3.0,1172030892
39233,274,10,4.0,1171428459
39234,274,12,3.5,1171829597
39235,274,16,4.5,1171493420
39236,274,19,4.0,1171934796
39237,274,20,3.5,1171830022
39238,274,22,3.5,1171759024
39239,274,23,3.5,1171829251
39240,274,24,3.5,1171785219
39241,274,29,4.0,1238050945
39242,274,32,4.0,1171409321
39243,274,34,4.0,1171756208
39244,274,44,4.0,1171759773
39245,274,47,4.0,1171172762
39246,274,48,2.0,1171943719
39247,274,50,4.0,1171408986
39248,274,60,3.5,1171827419
39249,274,62,3.0,1171492326
39250,274,65,3.0,1171829616
39251,274,69,4.0,1171932360
39252,274,70,4.5,1171493880
39253,274,86,3.5,1171828191
39254,274,87,3.0,1197272712
39255,274,88,3.5,1171828649
39256,274,93,3.5,1172024378
39257,274,95,2.5,1174524214
40575,275,1,5.0,1049076484
40576,275,17,5.0,1049079511
40577,275,21,5.0,1049076555
40578,275,25,3.0,1049079449
40579,275,32,5.0,1049078728
40580,275,34,5.0,1049078728
40581,275,39,4.0,1049076538
40582,275,45,2.0,1049076616
40583,275,50,4.0,1049078044
40978,276,1,4.0,858350384
40979,276,2,4.0,858351189
40980,276,5,3.0,858350427
40981,276,7,4.0,858350645
40982,276,12,4.0,858350757
40983,276,19,4.0,858351186
40984,276,62,5.0,858350385
40985,276,88,5.0,858350816
41019,277,1,4.0,861812794
41020,277,32,5.0,861812794
41021,277,62,2.0,861812794
41022,277,65,3.0,861812976
41023,277,95,3.0,861812794
41047,278,50,5.0,1193753316
41067,279,1,3.0,1506394495
41068,279,50,3.5,1506394189
41243,280,1,4.5,1348435273
41244,280,7,4.5,1348532595
41245,280,19,3.0,1348435266
41246,280,27,4.5,1348531940
41247,280,39,4.0,1348532012
41248,280,50,4.5,1348434052
41460,282,1,4.5,1378495714
41461,282,6,4.0,1378497085
41462,282,10,3.5,1378497072
41463,282,16,4.0,1378491787
41464,282,25,4.0,1378490653
41465,282,31,4.5,1378488783
41466,282,32,4.0,1378497758
41467,282,50,4.5,1378489751
41697,283,1,3.0,901227602
41698,283,39,1.0,901228254
41699,283,63,3.0,901228285
41700,283,69,4.0,901228313
41701,283,70,3.0,901228337
41732,284,2,4.0,832699451
41733,284,10,4.0,832699451
41734,284,15,4.0,832699795
41735,284,19,4.0,832786975
41736,284,20,1.0,832699760
41737,284,21,3.0,832699760
41738,284,32,5.0,832699723
41739,284,39,3.0,832786975
41740,284,44,3.0,832699890
41741,284,47,3.0,832695534
41742,284,95,5.0,832699673
41856,286,6,4.5,1119563039
41857,286,7,3.5,1119562096
41858,286,39,3.5,1119562094
41859,286,47,5.0,1119562911
41860,286,70,3.0,1119563855
41962,287,16,2.0,1110229950
41963,287,29,4.5,1110231627
41964,287,48,1.0,1110229874
41965,287,50,3.5,1110230077
41966,287,62,2.0,1110231040
42114,288,1,4.5,1054568869
42115,288,2,2.0,978467973
42116,288,3,4.0,975691635
42117,288,5,2.0,978622571
42118,288,10,3.0,978465794
42119,288,12,2.0,978622871
42120,288,13,2.0,978469581
42121,288,17,3.5,1054569627
42122,288,21,4.0,975693063
42123,288,32,5.0,975692000
42124,288,34,4.0,975693063
42125,288,43,3.0,976122034
42126,288,47,3.5,1054568985
42127,288,48,2.0,978469623
42128,288,73,3.0,979163671
42129,288,87,3.0,1174395882
42130,288,95,1.0,978466299
43169,289,3,2.5,1143424657
43170,289,16,4.5,1143424648
43193,290,1,4.0,975031464
43194,290,11,4.0,974943069
43195,290,24,3.0,975032355
43196,290,25,4.0,974942930
43197,290,34,4.0,974942304
43198,290,36,4.0,975031318
43199,290,50,4.0,975031748
43460,291,1,4.0,1453051567
43491,292,1,4.0,1219625000
43492,292,10,3.5,1219625069
43493,292,19,1.5,1442099069
43494,292,32,2.0,1019516667
43495,292,34,3.5,1219625047
43496,292,62,3.0,1293563062
43937,293,1,3.0,1044870886
43958,294,2,3.0,966634189
43959,294,3,1.0,966596854
43960,294,6,3.0,966597476
43961,294,10,3.0,966634030
43962,294,12,1.0,966597190
43963,294,19,2.0,966597233
43964,294,21,3.0,966595514
43965,294,39,2.0,966595276
43966,294,44,3.0,966634266
43967,294,47,2.0,966597476
43968,294,50,3.0,966597387
43969,294,60,1.0,966634119
43970,294,65,3.0,966597039
43971,294,69,4.0,966596095
43972,294,70,4.0,966595946
44395,295,18,3.5,1320064940
44396,295,29,5.0,1320064417
44397,295,50,5.0,1320064969
44398,295,70,5.0,1320064943
44436,296,50,5.0,1532993858
44463,297,6,5.0,900871748
44464,297,22,2.0,900871989
44465,297,47,4.0,900871748
44466,297,50,5.0,900871748
44467,297,70,2.0,900871989
44468,297,79,1.0,900872461
44469,297,95,1.0,900872461
44535,298,1,2.0,1447518257
44536,298,2,0.5,1450452897
44537,298,16,4.0,1447597782
44538,298,32,4.0,1450369288
44539,298,47,4.0,1447518037
44540,298,50,3.5,1447516828
45474,299,2,3.0,974620151
45529,301,10,4.0,1211378532
45530,301,17,4.0,1211378910
45531,301,21,4.0,1211378459
45532,301,36,4.5,1211378851
45533,301,47,4.5,1211377521
45534,301,50,4.5,1211377304
45643,302,3,3.0,854472084
45644,302,14,4.0,854472122
45645,302,17,5.0,854472022
45646,302,21,4.0,854473184
45647,302,25,5.0,854472022
45648,302,32,3.0,854472021
45649,302,36,4.0,854472084
45650,302,47,5.0,854473264
45651,302,58,5.0,854472122
45652,302,95,3.0,854472021
45675,303,16,2.5,1053302761
45676,303,32,3.5,1053303318
45728,304,1,5.0,881428344
45729,304,2,4.0,891173962
45730,304,7,4.0,881428370
45731,304,10,4.0,891173528
45732,304,11,5.0,891173135
45733,304,13,4.0,913327439
45734,304,17,3.0,891174111
45735,304,21,4.0,896268435
45736,304,32,4.0,881427991
45737,304,36,1.0,881428195
45738,304,46,5.0,911720227
45739,304,58,4.0,899026578
45740,304,60,1.0,891174024
45741,304,62,5.0,881427812
45742,304,73,4.0,920884193
45743,304,81,4.0,947050233
45744,304,86,5.0,880915450
45944,305,2,3.5,1460136227
45945,305,6,3.5,1460222104
45946,305,16,4.5,1460136042
45947,305,25,3.0,1518197993
45948,305,32,5.0,1460222250
45949,305,34,3.0,1460136295
45950,305,47,4.0,1460135569
45951,305,50,5.0,1460134079
45952,305,70,5.0,1494259450
46733,307,1,4.0,1186160893
46734,307,2,2.5,1186161482
46735,307,3,3.5,1186161652
46736,307,10,2.5,1186161010
46737,307,16,4.5,1186087665
46738,307,18,3.0,1186410788
46739,307,19,4.0,1186084466
46740,307,21,2.5,1189457112
46741,307,22,2.0,1186162078
46742,307,24,2.0,1186162409
46743,307,27,2.5,1186172544
46744,307,31,1.5,1186162274
46745,307,32,3.5,1186160917
46746,307,39,2.0,1186161053
46747,307,47,4.0,1186160966
46748,307,50,4.5,1186160949
46749,307,62,3.0,1186161410
46750,307,65,2.5,1186086548
46751,307,70,3.5,1186161936
46752,307,72,2.0,1186173251
46753,307,88,3.5,1186086639
46754,307,94,3.5,1186086089
47708,308,2,3.0,1421374418
47709,308,3,0.5,1421374465
47710,308,6,1.0,1421374400
47711,308,19,1.0,1421374425
47712,308,21,1.0,1421374404
47713,308,25,1.0,1421374411
47714,308,36,1.0,1421374415
47715,308,39,3.0,1421374380
47716,308,48,4.0,1421374475
47717,308,50,2.5,1421373873
47823,309,50,4.5,1126451972
47926,310,16,1.0,1078647827
47927,310,58,4.5,1078647847
47990,311,16,2.5,1057854247
47991,311,40,3.5,1057854804
48018,312,6,4.0,1043177752
48019,312,16,4.0,1043177752
48020,312,32,4.0,1043176620
48241,313,6,3.0,1030556299
48242,313,10,4.0,1030556439
48243,313,29,4.0,1030474666
48244,313,32,4.0,1030475177
48245,313,39,4.0,1030555731
48246,313,47,5.0,1030476272
48247,313,50,5.0,1030476169
48248,313,70,4.0,1030475884
48249,313,76,1.0,1030475081
48581,314,1,3.0,834398280
48582,314,6,3.0,842432711
48583,314,7,4.0,834241492
48584,314,10,3.0,834241870
48585,314,11,5.0,834241810
48586,314,15,2.0,834428676
48587,314,17,4.0,834398442
48588,314,21,3.0,834398026
48589,314,22,3.0,834398622
48590,314,23,3.0,834241586
48591,314,26,4.0,834398961
48592,314,31,3.0,834241586
48593,314,32,3.0,839857723
48594,314,39,3.0,834398364
48595,314,41,3.0,834398878
48596,314,44,3.0,834398518
48597,314,47,1.0,834398302
48598,314,50,4.0,847175449
48599,314,52,3.0,845285951
48600,314,60,3.0,834790837
48601,314,62,4.0,836234560
48602,314,95,2.0,834241545
48742,316,45,4.5,1111493212
48743,316,48,1.5,1111493120
48795,317,6,5.0,1430532917
48796,317,16,5.0,1430598211
48797,317,32,4.0,1430361493
48798,317,47,5.0,1430361508
48799,317,50,5.0,1430361374
48800,317,97,3.0,1430598706
48984,318,2,3.5,1270753195
48985,318,6,4.0,1347180277
48986,318,18,3.0,1426353075
48987,318,19,3.5,1262805276
48988,318,29,3.5,1413627585
48989,318,32,4.5,1263848497
48990,318,47,4.0,1433139531
48991,318,48,3.5,1275844835
48992,318,72,4.5,1417278807
48993,318,97,4.5,1419694783
49918,321,2,5.0,843212595
49919,321,3,3.0,843212762
49920,321,5,3.0,843212719
49921,321,19,3.0,843212522
49922,321,21,3.0,843212550
49923,321,24,4.0,843212762
49974,322,1,3.5,1217676206
49975,322,2,3.0,1217676495
49976,322,10,4.0,1217676313
49977,322,11,4.0,1217676534
49978,322,47,4.0,1217676246
49979,322,50,4.0,1217675827
50081,323,1,3.5,1422640363
50082,323,2,4.0,1422640110
50083,323,17,3.5,1422640288
50084,323,19,2.5,1422640116
50085,323,22,3.0,1422640551
50086,323,29,3.5,1422640570
50087,323,32,2.5,1422640375
50088,323,34,2.5,1422640415
50089,323,36,3.5,1422640290
50090,323,48,3.5,1422640448
50091,323,50,4.5,1422640061
50092,323,60,3.0,1422640654
50093,323,62,2.5,1422640114
50200,325,6,4.0,1039398204
50201,325,19,2.0,1039395714
50202,325,22,3.0,1039397193
50203,325,29,4.0,1039398353
50204,325,30,4.0,1039399501
50205,325,32,4.0,1039396494
50206,325,58,4.0,1039395583
50207,325,80,4.0,1039397611
50470,326,20,3.5,1322250792
50471,326,47,4.0,1419880411
50472,326,50,2.0,1322867550
50473,326,97,3.5,1443983581
50622,327,50,4.5,1234788095
50670,328,1,5.0,1494210665
50671,328,13,3.0,1494212082
50672,328,34,5.0,1494210549
50673,328,39,2.0,1494210780
50674,328,47,4.5,1494211964
50675,328,50,4.0,1494206971
50925,329,50,2.0,1523468332
50948,330,1,4.0,1285904910
50949,330,2,1.5,1285905277
50950,330,3,3.0,1285905545
50951,330,16,3.5,1285905440
50952,330,25,4.5,1285905238
50953,330,29,3.0,1285903982
50954,330,32,5.0,1285904958
50955,330,34,3.0,1285905096
50956,330,47,3.0,1285904519
50957,330,50,5.0,1285904637
50958,330,58,5.0,1285904454
50959,330,62,3.0,1285905259
51195,331,10,3.0,1537157573
51196,331,34,2.0,1537157568
51197,331,50,5.0,1537157516
51363,332,1,4.0,1352672340
51364,332,16,3.5,1352673555
51365,332,32,2.5,1352671273
51366,332,47,4.0,1352672211
51367,332,50,4.0,1352671786
51655,334,1,3.5,1225477466
51656,334,10,3.5,1234629982
51657,334,47,2.0,1234629901
51809,335,50,5.0,1261542414
51837,336,1,4.0,1122227329
51838,336,6,4.0,1122227549
51839,336,47,4.5,1122227343
51840,336,50,5.0,1120568496
51841,336,70,4.0,1120568169
51893,337,1,4.0,860255715
51894,337,3,4.0,860255784
51895,337,5,4.0,860255784
51896,337,6,5.0,860255784
51897,337,7,3.0,860255784
51898,337,9,5.0,860255929
51899,337,12,3.0,860255992
51900,337,14,3.0,860255866
51901,337,16,4.0,860256120
51902,337,17,4.0,860255716
51903,337,24,5.0,860256119
51904,337,25,4.0,860255716
51905,337,27,5.0,860256159
51906,337,31,5.0,860256120
51907,337,32,4.0,860255715
51908,337,36,4.0,860255783
51909,337,41,3.0,860255992
51910,337,47,5.0,860256118
51911,337,50,3.0,860256158
51912,337,62,3.0,860255716
51913,337,65,3.0,860255929
51914,337,66,4.0,860255992
51915,337,74,5.0,860255992
51916,337,76,5.0,860256043
51917,337,79,4.0,860255867
51918,337,95,5.0,860255716
51970,338,50,4.5,1530148314
52009,339,1,4.0,1460183470
52010,339,6,4.0,1460345729
52011,339,16,4.5,1460794139
52012,339,32,3.0,1460518918
52013,339,47,4.5,1460186377
52380,340,10,4.0,848666415
52408,341,1,5.0,1439750939
52460,342,24,3.0,1042822170
52526,343,50,4.5,1202061253
52654,345,11,2.5,1342828883
52655,345,32,3.5,1342827269
52716,346,17,4.0,1155066710
52717,346,47,3.5,1172693170
52718,346,50,4.0,1125857414
52880,347,1,5.0,847645986
52881,347,2,3.0,847645925
52882,347,10,4.0,847645690
52883,347,11,4.0,847645925
52884,347,19,4.0,847645789
52885,347,32,3.0,847645812
52886,347,34,4.0,847645761
52887,347,39,4.0,847645812
52888,347,47,3.0,847645738
52925,348,50,5.0,1378850183
52980,349,10,4.0,834750699
52981,349,34,5.0,834750842
53017,350,1,4.0,864940931
53018,350,7,3.0,864941017
53019,350,12,3.0,864941118
53020,350,17,2.0,864940932
53021,350,32,4.0,864940930
53022,350,65,3.0,864941118
53023,350,95,3.0,864940931
53057,351,12,5.0,1325978665
53058,351,47,4.5,1326027964
53198,352,47,5.0,1493931953
53199,352,50,5.0,1493931911
53492,353,1,5.0,831939685
53493,353,2,4.0,831939875
53494,353,5,3.0,831939914
53495,353,6,4.0,831939947
53496,353,9,3.0,831940313
53497,353,10,3.0,831939669
53498,353,11,4.0,831939792
53499,353,19,4.0,831939775
53500,353,22,5.0,831939991
53501,353,25,4.0,831939875
53502,353,32,5.0,831939731
53503,353,34,5.0,831939731
53504,353,39,1.0,831939750
53505,353,47,5.0,831939731
53506,353,69,3.0,831940600
53507,353,70,4.0,831940127
53582,354,10,3.5,1200870391
53583,354,32,4.0,1200870157
53584,354,34,3.5,1200870571
53585,354,44,3.5,1200865357
53586,354,47,4.0,1200870867
53587,354,50,4.5,1200869832
53588,354,70,4.5,1200953640
53808,355,60,3.0,974966167
53834,356,21,3.5,1229140823
53835,356,50,3.5,1229142733
53836,356,62,4.5,1229142896
54123,357,1,5.0,1348610184
54124,357,2,3.0,1348611277
54125,357,11,3.5,1348612270
54126,357,16,3.5,1348610125
54127,357,17,5.0,1348612178
54128,357,19,2.0,1348612202
54129,357,34,4.0,1348611388
54130,357,36,3.5,1348610447
54131,357,39,4.5,1348612128
54132,357,50,5.0,1348610163
54133,357,62,3.0,1348612191
54547,359,1,4.0,1198112023
54548,359,2,3.5,1198112829
54549,359,34,2.5,1198112136
54550,359,58,4.5,1198113196
54646,361,10,3.5,1204045505
54647,361,70,2.0,1204046026
54743,362,6,4.0,1530637587
54744,362,16,4.0,1530640994
54745,362,31,4.0,1530642798
54746,362,47,4.5,1530640109
54747,362,50,3.5,1530637009
54748,362,70,4.0,1530637651
54852,363,50,4.0,1502584540
54853,363,95,3.0,1502584443
54882,364,1,5.0,869443366
54883,364,9,3.0,869443802
54884,364,32,3.0,869443366
54885,364,95,5.0,869443367
55211,367,1,5.0,997811550
55212,367,34,3.0,997811126
55213,367,39,4.0,997812337
55396,368,3,3.0,971273951
55397,368,6,4.0,971275527
55398,368,10,3.0,971276726
55399,368,16,4.0,971275668
55400,368,21,3.0,975828964
55401,368,22,3.0,971276062
55402,368,42,2.0,975828507
55403,368,47,4.0,971275475
55404,368,50,4.0,971275320
55405,368,70,3.0,971273705
55406,368,79,2.0,971276901
55407,368,81,3.0,975828421
55408,368,95,2.0,971277081
55865,369,19,4.0,1237081519
55866,369,47,3.5,1237083091
55994,370,39,3.5,1159162930
55995,370,47,3.5,1159162973
55996,370,50,4.5,1159161956
56087,371,48,4.5,1407691602
56128,372,1,3.0,874416443
56129,372,6,5.0,874415865
56130,372,8,2.0,874415441
56131,372,10,3.0,874416808
56132,372,11,4.0,874415285
56133,372,14,4.0,874416949
56134,372,16,4.0,874415966
56135,372,21,3.0,874416570
56136,372,25,4.0,874415164
56137,372,31,2.0,874416808
56138,372,32,4.0,874415441
56139,372,34,4.0,874415934
56140,372,36,3.0,874414994
56141,372,39,3.0,874417086
56142,372,41,4.0,874415991
56143,372,47,5.0,874417240
56144,372,48,2.0,874416616
56145,372,50,5.0,874414678
56146,372,52,4.0,874416234
56147,372,62,3.0,874415902
56148,372,70,3.0,874415199
56149,372,71,2.0,874416544
56150,372,81,2.0,874416280
56364,373,1,3.0,846830172
56365,373,2,3.0,846830111
56366,373,6,5.0,846830247
56367,373,11,2.0,846830094
56368,373,16,4.0,846830296
56369,373,19,1.0,846830035
56370,373,21,1.0,846830035
56371,373,22,3.0,846830333
56372,373,25,5.0,846830207
56373,373,32,4.0,846830055
56374,373,34,4.0,846830015
56375,373,44,1.0,846830190
56376,373,47,5.0,846829997
56377,373,50,5.0,846830055
56378,373,60,3.0,846830521
56379,373,95,2.0,846830128
56497,375,32,5.0,1225314381
56530,376,10,4.5,1364994181
56531,376,19,2.0,1364994453
56532,376,32,5.0,1364994049
56533,376,95,3.5,1364994336
56663,377,19,2.0,1340342704
56664,377,32,4.5,1340342216
56665,377,34,4.0,1340347654
56794,378,1,4.5,1445347576
56795,378,36,4.0,1445347078
56842,379,19,2.0,847397556
56843,379,21,2.0,847397556
56844,379,34,5.0,847397499
56845,379,47,3.0,847397459
56878,380,1,5.0,1493420345
56879,380,2,5.0,1493420295
56880,380,6,5.0,1494278663
56881,380,10,5.0,1493419787
56882,380,12,4.0,1493668065
56883,380,16,3.0,1494803499
56884,380,18,4.0,1494278868
56885,380,19,5.0,1493667522
56886,380,21,2.0,1493422718
56887,380,32,5.0,1493494899
56888,380,34,4.0,1493420018
56889,380,44,4.0,1493667678
56890,380,47,5.0,1493494893
56891,380,48,3.0,1493423481
56892,380,50,4.0,1493420347
56893,380,60,4.0,1494035896
56894,380,70,5.0,1493423196
56895,380,76,3.0,1494278971
56896,380,95,3.0,1493420301
58096,381,1,3.5,1164383653
58097,381,2,4.0,1166971855
58098,381,19,2.5,1165975855
58099,381,32,3.5,1200824503
58100,381,34,3.5,1164877286
58101,381,47,2.0,1166980226
58102,381,48,3.0,1165976148
58103,381,50,4.5,1168576731
58104,381,62,4.5,1263494357
58570,382,1,4.5,1515162628
58571,382,50,5.0,1515160611
58895,384,60,4.0,994038823
58965,385,1,4.0,834691642
58966,385,6,3.0,840648313
58967,385,10,3.0,834691622
58968,385,14,3.0,834692097
58969,385,16,3.0,834691914
58970,385,21,5.0,835118614
58971,385,25,3.0,834691845
58972,385,32,4.0,838323677
58973,385,45,3.0,837949548
58974,385,50,3.0,834691694
58975,385,62,3.0,836844635
58976,385,68,3.0,865024733
58977,385,85,3.0,844794767
58978,385,94,4.0,847137503
58979,385,95,3.0,834691768
59166,386,6,3.0,842613783
59167,386,10,3.0,842610246
59168,386,16,4.0,842613849
59169,386,20,2.0,842614033
59170,386,21,4.0,842610304
59171,386,22,3.0,842613867
59172,386,25,2.0,842613763
59173,386,32,3.0,842610360
59174,386,34,4.0,842610286
59175,386,39,3.0,842610325
59176,386,44,2.0,842613763
59177,386,45,3.0,842613904
59178,386,47,3.0,842610286
59179,386,50,3.0,842610344
59234,387,10,3.5,1094938515
59235,387,11,2.5,1117415000
59236,387,29,3.5,1094875272
59237,387,31,2.5,1094939853
59238,387,32,3.5,1094876449
59239,387,39,2.5,1095040527
59240,387,44,1.0,1182720368
59241,387,45,2.5,1094877493
59242,387,47,4.5,1094876919
59243,387,50,4.5,1094876246
59244,387,63,2.0,1095042100
59245,387,70,3.5,1183536308
59246,387,71,1.5,1150877466
59247,387,97,4.5,1199607279
60290,389,1,5.0,857934174
60291,389,5,4.0,857934242
60292,389,6,5.0,857934242
60293,389,9,3.0,857934552
60294,389,17,4.0,857934174
60295,389,25,4.0,857934175
60296,389,32,4.0,857934174
60297,389,62,5.0,857934174
60298,389,65,4.0,857934553
60299,389,95,4.0,857934174
60405,391,1,3.0,1032388077
60406,391,6,4.0,1030944221
60407,391,10,3.0,1030944309
60408,391,25,5.0,1030827466
60409,391,29,5.0,1030826859
60410,391,32,4.0,1030826859
60411,391,34,3.0,1032389962
60412,391,47,3.0,1030944178
60413,391,50,4.0,1030827636
60414,391,58,4.0,1030827343
60415,391,70,1.0,1030944454
60939,394,34,3.0,838994398
60940,394,50,5.0,838994626
60962,395,2,3.0,841503884
60963,395,10,3.0,841503555
60964,395,34,3.0,841503656
60965,395,48,2.0,841504003
60966,395,60,3.0,841505041
60967,395,95,3.0,841503940
61023,396,1,5.0,1111688626
61024,396,44,2.0,1111688564
61025,396,45,3.0,1111688518
61026,396,50,4.0,1111688630
61074,398,32,5.0,1311207513
61120,399,1,4.0,1167220428
61156,400,6,5.0,1498870480
61157,400,47,5.0,1498870391
61158,400,50,5.0,1498870285
61199,401,1,3.5,1510450550
61200,401,48,2.0,1514347122
61271,402,5,3.0,849598135
61272,402,9,3.0,849598259
61273,402,25,3.0,849598104
61274,402,36,3.0,849598135
61275,402,47,3.0,849654599
61276,402,52,3.0,849598217
61277,402,61,5.0,849598453
61278,402,95,4.0,849598075
61319,403,47,5.0,1225243620
61353,404,11,4.0,838376006
61354,404,17,4.0,838376049
61355,404,21,3.0,838375894
61356,404,34,4.0,838375864
61357,404,36,3.0,838376195
61358,404,47,3.0,838375864
61359,404,62,4.0,838376141
61413,405,16,4.0,1295916006
61414,405,25,4.0,1299377952
61415,405,32,4.5,1295910764
61416,405,70,4.0,1295917097
61575,408,10,4.5,1467913128
61576,408,19,3.5,1469521999
61577,408,44,3.5,1484264475
61716,409,39,4.0,968979119
61842,410,3,4.0,990910830
61843,410,11,3.0,990910298
61844,410,21,3.0,990910575
61845,410,52,4.0,990910213
61846,410,58,4.0,990807791
62009,411,1,5.0,835532155
62010,411,2,4.0,835532398
62011,411,4,2.0,835533021
62012,411,7,3.0,835533471
62013,411,10,3.0,835532065
62014,411,11,4.0,835532370
62015,411,21,4.0,835532191
62016,411,22,3.0,835532644
62017,411,31,4.0,835532539
62018,411,34,4.0,835532191
62019,411,46,2.0,835533337
62020,411,47,4.0,835532191
62021,411,50,3.0,835532221
62022,411,52,2.0,835533198
62023,411,62,5.0,835532559
62136,412,1,2.0,939114353
62137,412,17,5.0,939136944
62138,412,34,5.0,939114265
62139,412,47,3.0,939114573
62238,413,16,5.0,1484440002
62294,414,1,4.0,961438127
62295,414,2,3.0,961594981
62296,414,3,4.0,961439278
62297,414,5,2.0,961437647
62298,414,6,3.0,961515642
62299,414,7,3.0,961439170
62300,414,8,3.0,961594849
62301,414,10,3.0,961515863
62302,414,11,5.0,1052148205
62303,414,15,2.0,961514611
62304,414,16,3.0,961517557
62305,414,17,4.0,961513829
62306,414,18,3.0,961682128
62307,414,21,4.0,961438199
62308,414,22,3.0,961518227
62309,414,23,2.0,961682276
62310,414,24,3.0,961436964
62311,414,25,3.0,961517140
62312,414,27,2.0,961518812
62313,414,31,3.0,961518520
62314,414,32,5.0,961514667
62315,414,34,5.0,961438127
62316,414,36,3.0,961516989
62317,414,39,4.0,961438265
62318,414,42,2.0,961515844
62319,414,44,2.0,961516249
62320,414,45,3.0,961438476
62321,414,46,2.0,961514407
62322,414,47,4.0,961681857
62323,414,48,3.0,961437741
62324,414,50,5.0,961681714
62325,414,52,3.0,961438413
62326,414,54,1.0,1027521065
62327,414,57,3.0,961517912
62328,414,62,4.0,961517885
62329,414,65,2.0,961439623
62330,414,71,2.0,961515844
62331,414,72,4.0,961438532
62332,414,75,1.0,1027521022
62333,414,78,3.0,961518581
62334,414,81,2.0,961514568
62335,414,86,3.0,961437096
62336,414,88,2.0,961439433
62337,414,89,3.0,961515928
62338,414,92,2.0,961518731
62339,414,94,5.0,961517421
62340,414,95,2.0,961515958
64992,415,47,4.0,1382470301
64993,415,50,4.5,1382469955
65137,417,47,5.0,1532134167
65204,418,50,4.5,1461865740
65297,419,10,3.5,1321659128
65298,419,47,4.0,1321659049
65299,419,50,4.0,1321854706
65452,420,1,4.0,1218207191
65453,420,32,3.5,1218047864
65454,420,73,4.0,1218036406
65593,421,73,4.0,1311494239
65630,422,1,4.0,986173307
65746,424,32,3.5,1457901858
65747,424,47,5.0,1457842442
65748,424,50,5.0,1457842255
65884,425,2,3.0,1085477682
65885,425,6,4.0,1085477536
65886,425,10,3.0,1085477406
65887,425,32,4.0,1085477320
65888,425,34,3.5,1114173653
65889,425,36,3.0,1085477524
65890,425,47,4.5,1085477391
65891,425,50,4.5,1085477355
65892,425,58,3.5,1085490369
65893,425,70,4.0,1085490625
65894,425,95,2.5,1085477510
66190,426,2,4.5,1451080838
66191,426,31,5.0,1451080848
66192,426,47,0.5,1451081886
66278,427,16,4.0,1053068794
66279,427,58,2.0,1053071377
66362,428,9,2.0,1111524871
66363,428,19,1.0,1111523373
66364,428,22,2.5,1111487500
66365,428,44,2.0,1111623964
66366,428,69,3.5,1111524882
66367,428,70,3.0,1111524672
66368,428,95,2.0,1111524678
66662,429,22,4.0,828124615
66663,429,48,4.0,828124616
66664,429,60,4.0,828124616
66720,430,34,3.0,963889406
66798,432,1,2.5,1316391457
66799,432,2,4.0,1316391739
66800,432,19,2.0,1316391760
66801,432,25,4.5,1315243647
66802,432,36,3.5,1316391708
66803,432,47,4.0,1315244565
66804,432,50,3.0,1315243055
67058,433,47,3.0,1506823900
67059,433,50,5.0,1506823884
67080,434,1,4.0,1270604402
67081,434,2,2.5,1271039378
67082,434,6,4.0,1270603905
67083,434,10,3.5,1270606683
67084,434,32,3.5,1270604323
67085,434,34,3.5,1270604933
67086,434,39,3.0,1270606827
67087,434,47,4.0,1270603499
67088,434,95,2.0,1270606732
67313,435,48,4.0,1366675847
67314,435,50,4.0,1366676016
67355,436,1,4.0,833529571
67356,436,2,4.0,833529751
67357,436,8,3.0,833530760
67358,436,34,5.0,833529621
67359,436,48,4.0,833529821
67360,436,60,3.0,833530067
67461,437,5,2.0,859721015
67462,437,6,5.0,859721015
67463,437,9,3.0,859721103
67464,437,14,3.0,859721080
67465,437,16,5.0,859721743
67466,437,17,4.0,859720978
67467,437,25,4.0,859720978
67468,437,31,4.0,859721815
67469,437,32,4.0,859720977
67470,437,36,4.0,859721015
67471,437,43,3.0,859721556
67472,437,47,4.0,859721361
67473,437,50,4.0,859721362
67474,437,52,4.0,859721046
67475,437,62,3.0,859720978
67476,437,78,3.0,859721693
67477,437,79,2.0,859721080
67478,437,81,3.0,859721790
67479,437,86,3.0,859721170
67480,437,95,1.0,859720977
67583,438,1,4.5,1105650469
67584,438,6,5.0,1105664272
67585,438,10,4.0,1105664201
67586,438,11,4.0,1105668426
67587,438,19,3.0,1105666629
67588,438,21,3.5,1105666251
67589,438,32,4.0,1105666143
67590,438,44,3.0,1105667144
67591,438,62,4.0,1105649800
67592,438,70,3.0,1105762813
67593,438,71,2.0,1105664825
67594,438,95,3.5,1105666265
68239,440,29,4.5,1237569069
68272,441,10,4.5,1449070452
68273,441,47,4.5,1451166486
68337,443,1,4.0,1501722482
68374,444,6,4.0,832677558
68375,444,16,4.0,832678415
68376,444,21,4.0,832670075
68377,444,47,4.0,832670399
68378,444,50,5.0,832670838
68379,444,58,5.0,832679295
68380,444,97,5.0,839310140
68416,445,17,3.5,1454621917
68417,445,32,5.0,1454622049
68418,445,47,4.5,1454622061
68493,446,2,3.0,843839379
68494,446,10,3.0,843839232
68495,446,11,4.0,843839379
68496,446,16,3.0,843839544
68497,446,17,5.0,843839379
68498,446,21,3.0,843839290
68499,446,25,3.0,843839504
68500,446,32,4.0,843839327
68501,446,34,5.0,843839272
68502,446,39,3.0,843839306
68503,446,45,3.0,843839593
68504,446,47,4.0,843839250
68505,446,50,4.0,843839306
68506,446,95,4.0,843839401
68577,447,2,5.0,836961067
68578,447,10,3.0,836960825
68579,447,31,4.0,836961195
68580,447,44,5.0,836961153
68581,447,48,3.0,836961178
68655,448,1,5.0,1019126661
68656,448,2,3.0,1019125424
68657,448,3,3.0,1019128536
68658,448,5,3.0,1019128415
68659,448,10,4.0,1019124400
68660,448,12,2.0,1019563753
68661,448,16,5.0,1019138531
68662,448,19,2.0,1019132168
68663,448,20,3.0,1019124922
68664,448,21,2.0,1019124231
68665,448,32,2.0,1019132949
68666,448,38,3.0,1019227804
68667,448,47,4.0,1019132386
68668,448,50,4.0,1064741727
68669,448,65,1.0,1028111080
68670,448,66,2.0,1019133230
68671,448,95,2.0,1019124644
70519,449,32,4.0,1053200119
70520,449,50,4.5,1053199959
70557,450,70,2.0,974705218
70608,451,1,5.0,854089165
70609,451,5,3.0,854089243
70610,451,6,4.0,854089242
70611,451,7,3.0,854089243
70612,451,17,5.0,854089172
70613,451,25,5.0,854089175
70614,451,32,5.0,854089163
70615,451,94,4.0,854089769
70616,451,95,4.0,854089167
70642,452,10,4.0,1013395144
70643,452,44,4.0,1019580991
70644,452,47,5.0,1019581177
70645,452,69,5.0,1019585277
70646,452,70,4.0,1013397998
70844,453,1,5.0,1005966797
70845,453,10,2.0,972621985
70846,453,16,3.0,972622830
70847,453,21,3.0,972621787
70848,453,32,5.0,972621444
70849,453,34,4.0,972622496
70850,453,47,5.0,972622637
70851,453,50,5.0,972621262
70852,453,70,4.0,972622055
71155,454,82,3.5,1279476639
71200,455,11,4.0,836436201
71201,455,34,4.0,836436023
71202,455,50,3.0,836436049
71203,455,62,4.0,836436499
71257,456,1,5.0,856883308
71258,456,3,3.0,856883349
71259,456,5,3.0,856883349
71260,456,9,4.0,856883450
71261,456,32,3.0,856883308
71262,456,64,3.0,856883540
71263,456,65,2.0,856883450
71264,456,74,4.0,856883468
71265,456,79,2.0,856883417
71300,457,34,2.0,993610564
71350,458,2,4.0,845653124
71351,458,5,3.0,845652992
71352,458,10,4.0,845651737
71353,458,21,5.0,845653030
71354,458,27,5.0,845652968
71355,458,39,4.0,845653086
71356,458,48,3.0,845652560
71357,458,62,5.0,845652560
71358,458,95,5.0,845652537
71435,460,1,4.5,1359177505
71544,462,1,1.5,1154037653
71545,462,10,3.0,1269929071
71546,462,16,3.5,1123893685
71547,462,21,4.0,1121923492
71548,462,25,3.0,1154037817
71549,462,32,3.5,1121921239
71550,462,36,3.5,1123891148
71551,462,47,4.0,1154037716
71552,462,50,3.5,1154037688
71553,462,52,3.0,1123890939
72032,464,9,2.5,1287400084
72033,464,16,4.5,1287400356
72034,464,20,4.0,1275548142
72035,464,23,3.0,1275548130
72036,464,25,4.0,1287400227
72037,464,31,4.0,1287400817
72038,464,32,3.5,1275548714
72039,464,47,5.0,1275549635
72170,465,95,3.0,959896430
72398,467,41,4.0,919671922
72399,467,58,5.0,919672099
72420,468,1,4.0,831400444
72421,468,32,4.0,831400500
72422,468,39,5.0,831400519
72423,468,47,5.0,831400545
72453,469,1,4.0,965336888
72454,469,6,3.0,965336673
72455,469,10,2.0,965334356
72456,469,11,3.0,965425831
72457,469,29,4.0,965335401
72458,469,32,5.0,965335350
72459,469,36,3.0,965846167
72460,469,39,2.0,965425327
72461,469,44,1.0,965335037
72462,469,45,4.0,965425742
72463,469,47,4.0,965336711
72464,469,50,4.0,965336630
72465,469,70,2.0,965334011
72466,469,89,4.0,965334954
72918,470,1,4.0,849224825
72919,470,2,3.0,849224778
72920,470,3,3.0,849370396
72921,470,5,3.0,849370453
72922,470,6,3.0,849843318
72923,470,7,3.0,849370453
72924,470,10,3.0,849075144
72925,470,14,4.0,849843318
72926,470,19,3.0,849075545
72927,470,21,3.0,849075545
72928,470,26,3.0,849843245
72929,470,32,3.0,849075682
72930,470,34,4.0,849075432
72931,470,36,4.0,849370395
72932,470,39,3.0,849075682
72933,470,41,3.0,849843245
72934,470,43,3.0,849370292
72935,470,47,3.0,849075299
72936,470,50,3.0,849075545
72937,470,62,3.0,849224778
72938,470,95,3.0,849843245
72998,471,1,5.0,1496671820
73026,472,50,5.0,1345843346
73055,473,60,2.0,1169351160
73092,474,1,4.0,978575760
73093,474,2,3.0,1046886814
73094,474,5,1.5,1053021982
73095,474,6,3.0,1047054565
73096,474,7,3.0,978576381
73097,474,11,2.5,1053021437
73098,474,14,3.0,1120827247
73099,474,16,4.0,1088426731
73100,474,17,5.0,974668666
73101,474,21,4.0,1119232784
73102,474,22,3.0,1046896006
73103,474,24,3.0,1060105861
73104,474,25,3.5,1127143175
73105,474,26,3.5,1136942664
73106,474,27,2.0,1069686414
73107,474,28,4.5,1165540007
73108,474,29,3.5,1053021379
73109,474,31,3.0,1060105936
73110,474,32,4.0,1081177409
73111,474,34,4.5,1081177349
73112,474,36,5.0,979180034
73113,474,38,1.0,1089387538
73114,474,39,3.5,1129579520
73115,474,41,3.5,1089386983
73116,474,43,3.5,1081177921
73117,474,45,4.0,1014924369
73118,474,46,3.0,1081178156
73119,474,47,4.0,979180247
73120,474,50,4.0,979179872
73121,474,52,4.0,1004131663
73122,474,57,3.0,1060105374
73123,474,58,3.5,1126533613
73124,474,62,2.5,1053021366
73125,474,74,3.0,974669217
73126,474,82,2.5,1121262740
73127,474,92,3.5,1087832141
73128,474,96,3.5,1053020997
75200,475,2,4.5,1498031744
75201,475,19,4.0,1498031776
75355,476,1,4.0,835021447
75356,476,2,4.0,835021693
75357,476,10,3.0,835021420
75358,476,11,3.0,835021635
75359,476,13,3.0,835022487
75360,476,32,4.0,835021513
75361,476,34,4.0,835021494
75362,476,45,3.0,835022455
75363,476,48,4.0,835022192
75364,476,73,4.0,835022035
75424,477,1,4.0,1200939636
75425,477,2,4.0,1200939962
75426,477,3,3.0,1200941177
75427,477,19,3.0,1200939977
75428,477,24,4.0,1201159341
75429,477,32,4.5,1200939654
75430,477,34,4.0,1200939719
75431,477,47,4.0,1200939679
75432,477,66,0.5,1201158662
75433,477,76,4.0,1201158833
76046,479,24,3.0,1039362593
76047,479,31,3.0,1039362413
76048,479,45,3.0,1039367502
76049,479,82,5.0,1039362593
76227,480,1,3.0,1179178004
76228,480,2,3.0,1179178191
76229,480,3,2.5,1179178556
76230,480,6,4.0,1179162163
76231,480,10,4.0,1179177922
76232,480,16,4.0,1179161099
76233,480,19,1.5,1179178233
76234,480,21,2.5,1179161927
76235,480,32,4.0,1179177844
76236,480,34,4.0,1179178044
76237,480,39,2.5,1179177930
76238,480,47,4.5,1179177656
76239,480,50,3.5,1179160287
76240,480,60,2.0,1179159595
76241,480,62,3.5,1179178063
76242,480,69,2.0,1179161861
76243,480,95,1.0,1179177869
77094,482,2,4.5,1105395956
77095,482,16,2.0,1105396054
77096,482,50,4.0,1105396885
77097,482,62,5.0,1105396550
77222,483,1,4.0,1178293130
77223,483,2,4.0,1178293652
77224,483,5,2.5,1327277284
77225,483,10,2.0,1178293444
77226,483,16,4.0,1178293782
77227,483,18,4.0,1215897224
77228,483,19,3.5,1181494938
77229,483,23,3.0,1215897538
77230,483,24,2.5,1327277916
77231,483,26,4.0,1215898801
77232,483,29,5.0,1181495581
77233,483,31,2.0,1181495275
77234,483,32,5.0,1178213437
77235,483,47,3.5,1178215187
77236,483,48,3.0,1181496689
77237,483,50,4.5,1204405320
77238,483,81,3.5,1215898195
77950,484,1,4.5,1342295949
77951,484,2,2.5,1342296219
77952,484,39,4.5,1342296074
77953,484,47,4.0,1342228947
77954,484,48,4.5,1342296910
77955,484,63,4.0,1342228081
77956,484,69,4.5,1342300148
77957,484,72,4.0,1342369324
78225,485,10,4.0,837943350
78248,486,6,5.0,839537263
78249,486,10,4.0,839537237
78250,486,21,4.0,839537017
78251,486,32,5.0,839537271
78252,486,39,3.0,839537186
78253,486,44,4.0,839537298
78254,486,47,3.0,839537220
78255,486,86,5.0,839537298
78256,486,95,3.0,839537249
78360,488,1,4.5,1112382025
78361,488,17,5.0,1112382176
78362,488,26,2.5,1112382126
78363,488,34,3.0,1112382292
78364,488,36,4.5,1112382199
78365,488,73,2.5,1112382455
78471,489,2,2.5,1333101570
78472,489,5,2.0,1385823772
78473,489,7,4.0,1334587547
78474,489,10,2.5,1333101410
78475,489,11,1.5,1334170648
78476,489,17,4.5,1332773255
78477,489,18,2.0,1333234401
78478,489,19,2.0,1333101593
78479,489,21,2.5,1333101507
78480,489,22,3.5,1333022826
78481,489,32,3.5,1333023575
78482,489,34,2.0,1333101391
78483,489,39,3.5,1332772964
78484,489,46,3.5,1333658594
78485,489,47,3.0,1333101316
78486,489,48,4.0,1334587634
78487,489,70,2.0,1385823826
78488,489,95,1.5,1333101502
79119,490,1,3.5,1328229305
79120,490,5,0.5,1324370305
79296,492,1,4.0,863975949
79297,492,3,4.0,863976005
79298,492,5,3.0,863976004
79299,492,6,3.0,863976004
79300,492,7,3.0,863976055
79301,492,9,5.0,863976201
79302,492,12,3.0,863976249
79303,492,14,3.0,863976101
79304,492,32,3.0,863975946
79305,492,36,4.0,863976004
79306,492,52,3.0,863976101
79307,492,61,4.0,863976447
79308,492,62,4.0,863975954
79309,492,63,3.0,863976526
79310,492,64,3.0,863976525
79311,492,65,5.0,863976248
79312,492,66,3.0,863976249
79313,492,74,4.0,863976249
79314,492,75,3.0,863976878
79315,492,76,5.0,863976409
79316,492,79,4.0,863976101
79317,492,88,5.0,863976409
79318,492,95,3.0,863975954
79417,493,6,4.0,1001562846
79500,495,19,4.5,1458636447
79501,495,50,4.0,1458634563
79794,497,2,2.5,1429127190
79795,497,19,4.0,1429127195
79796,497,50,3.0,1429127291
79845,498,7,4.0,839197378
79846,498,10,3.0,839197307
79847,498,34,3.0,839197341
79848,498,47,3.0,839197341
79849,498,62,5.0,839197444
79907,500,1,4.0,1005527755
79908,500,11,1.0,1005528017
79909,500,39,1.0,1005527926
79993,501,2,3.0,844973419
79994,501,3,5.0,844973817
79995,501,5,3.0,844973535
79996,501,6,3.0,844973487
79997,501,7,4.0,844973817
79998,501,8,3.0,844974090
79999,501,10,4.0,844973340
80000,501,11,3.0,844973340
80001,501,15,1.0,844973980
80002,501,16,3.0,844973535
80003,501,17,3.0,844973419
80004,501,18,5.0,844974006
80005,501,20,1.0,844974037
80006,501,21,3.0,844973340
80007,501,25,2.0,844973487
80008,501,27,3.0,844973931
80009,501,32,3.0,844973340
80010,501,36,3.0,844973487
80011,501,45,3.0,844973535
80012,501,50,3.0,844973340
80013,501,61,3.0,844973980
80014,501,62,3.0,844973487
80015,501,73,2.0,844974214
80016,501,86,3.0,844974037
80017,501,93,3.0,844974090
80018,501,95,4.0,844973419
80038,502,45,3.5,1111757345
80168,504,1,4.0,1063644695
80169,504,22,3.5,1063644469
80255,505,47,5.0,1298780253
80286,506,27,3.0,1424487740
80287,506,39,5.0,1424487595
80328,507,34,5.0,838964683
80329,507,39,3.0,838964728
80330,507,47,3.0,838964683
80373,509,1,4.0,1435992343
80374,509,5,1.5,1435992893
80375,509,13,3.0,1436101243
80376,509,17,3.0,1435992515
80377,509,19,4.0,1436027225
80378,509,28,3.5,1436031727
80379,509,32,4.0,1435998135
80380,509,34,3.5,1435998986
80381,509,39,4.0,1435992749
80382,509,48,3.5,1436000115
80840,510,7,1.0,1141158812
80841,510,16,1.0,1141158760
80842,510,50,4.0,1141160526
81000,512,2,3.0,841449636
81001,512,32,5.0,841449445
81002,512,39,4.0,841449426
81003,512,47,5.0,841449359
81004,512,50,5.0,841449402
81050,513,7,3.0,1159980407
81051,513,32,4.0,1159980466
81082,514,1,4.0,1533872400
81083,514,11,4.0,1533949297
81084,514,16,3.5,1533872553
81085,514,22,3.0,1533947171
81086,514,34,4.0,1533872519
81087,514,44,2.5,1533945558
81088,514,47,4.0,1533872325
81089,514,62,4.0,1533949200
81479,515,50,4.5,1513678307
81531,517,1,4.0,1487954343
81532,517,2,3.0,1487954340
81533,517,10,0.5,1487957717
81534,517,17,0.5,1487953834
81535,517,34,5.0,1487954303
81536,517,47,2.0,1487958109
81931,518,24,2.5,1056907643
81932,518,31,1.0,1056907629
81981,520,10,4.0,1326609139
81982,520,19,1.0,1326609359
81983,520,32,3.5,1326608236
82167,521,5,3.0,852713143
82168,521,6,4.0,852713143
82169,521,7,3.0,852713143
82170,521,14,4.0,852713185
82171,521,18,4.0,852713356
82172,521,25,5.0,852713083
82173,521,29,3.0,852713417
82174,521,32,3.0,852713082
82175,521,36,4.0,852713143
82176,521,43,4.0,852713446
82177,521,52,4.0,852713185
82178,521,58,4.0,852713185
82179,521,79,4.0,852713251
82180,521,81,3.0,852713417
82181,521,86,4.0,852713380
82182,521,95,3.0,852713082
82207,522,1,3.0,1253344674
82208,522,10,4.5,1253344761
82209,522,50,4.5,1253430096
82210,522,62,3.0,1253345769
82407,523,2,4.5,1503126180
82482,524,1,4.0,851608466
82483,524,6,4.0,852404399
82484,524,10,4.0,851608818
82485,524,12,1.0,852404800
82486,524,19,3.0,851609256
82487,524,20,2.0,851609083
82488,524,21,3.0,852404913
82489,524,23,2.0,851608986
82490,524,25,3.0,851608466
82491,524,32,3.0,851608466
82492,524,47,5.0,851608960
82493,524,50,2.0,851608781
82494,524,76,2.0,852404800
82495,524,86,3.0,852404550
82496,524,95,4.0,851608466
82613,525,1,4.0,1476475973
82614,525,2,3.5,1476480324
82615,525,34,3.0,1476480775
82616,525,39,4.5,1476477672
82617,525,47,3.5,1476476493
82618,525,48,3.0,1476480566
82619,525,50,4.5,1476476363
82620,525,62,3.5,1476480183
83171,527,2,4.0,1033173338
83172,527,30,1.0,1033173581
83173,527,34,5.0,1033173966
83174,527,48,3.0,1033173290
83338,528,1,2.5,1391736605
83411,529,1,3.0,855583216
83412,529,7,2.0,855583292
83413,529,32,5.0,855583215
83414,529,62,3.0,855583216
83415,529,65,1.0,855583470
83416,529,95,4.0,855583216
83436,530,11,4.0,843227087
83463,531,10,4.0,1032961647
83485,532,6,5.0,1025523798
83535,533,1,5.0,1424753740
83573,534,1,4.0,1459787997
83574,534,2,4.5,1459787996
83575,534,10,4.0,1459787996
83576,534,19,4.0,1459787996
83577,534,31,3.5,1459788707
83578,534,34,4.0,1459793302
83579,534,44,4.0,1459788735
83580,534,47,4.0,1459787998
83581,534,48,4.0,1459792580
84123,536,45,5.0,832840081
84247,539,65,4.5,1332474525
84248,539,88,3.5,1332474517
84285,540,47,4.5,1179109020
84327,541,1,3.0,835643027
84328,541,7,4.0,835644446
84329,541,10,4.0,835642985
84330,541,11,4.0,835643146
84331,541,15,3.0,835643931
84332,541,19,2.0,835643052
84333,541,22,4.0,835643333
84334,541,47,1.0,835643038
84335,541,50,5.0,835643052
84336,541,95,3.0,835643186
84414,542,47,5.0,1163386913
84603,544,1,3.0,850688537
84604,544,3,3.0,850688562
84605,544,14,3.0,850688581
84606,544,32,3.0,850688537
84607,544,40,5.0,850688776
84608,544,62,5.0,850688537
84609,544,68,5.0,850688776
84610,544,95,4.0,850688537
84625,545,44,2.5,1240358381
84648,546,70,5.0,973588518
84733,548,69,5.0,1488243429
84780,550,1,4.0,1488728441
84808,551,47,4.5,1505548073
84931,552,3,1.0,1111472953
84932,552,19,3.5,1111473056
84933,552,25,3.0,1112151250
84934,552,95,1.5,1111473067
85119,553,6,5.0,1219558120
85120,553,16,5.0,1219558107
85121,553,32,5.0,1219564918
85122,553,42,4.0,1219559052
85123,553,50,4.0,1219557525
85291,555,1,4.0,978746159
85292,555,3,5.0,978747454
85293,555,19,3.0,980123949
85294,555,21,4.0,978746440
85295,555,24,5.0,978841879
85296,555,29,4.0,978841345
85297,555,32,4.0,978841464
85298,555,39,4.0,978746326
85299,555,50,5.0,978819462
85300,555,65,3.0,980125946
85301,555,72,3.0,978746552
85302,555,75,3.0,980125866
85303,555,88,4.0,980126008
85901,557,10,4.5,1452797765
85928,558,94,3.0,1035415930
85984,559,1,5.0,865095758
85985,559,2,4.0,845476032
85986,559,6,5.0,865095857
85987,559,10,3.0,845475880
85988,559,15,3.0,845476569
85989,559,19,2.0,845475946
85990,559,32,3.0,845475965
85991,559,34,5.0,845475917
85992,559,36,4.0,845476089
85993,559,39,3.0,845475987
85994,559,48,3.0,845476159
85995,559,58,4.0,865095758
85996,559,66,3.0,865096234
85997,559,76,3.0,865096444
85998,559,95,4.0,865095801
86124,560,1,3.0,1469653413
86125,560,32,3.5,1469647882
86126,560,34,2.5,1469647264
86127,560,47,4.0,1469648029
86128,560,48,2.5,1469654312
86129,560,50,4.0,1469647239
86130,560,70,4.0,1469653546
86131,560,97,4.0,1469653182
86582,561,1,4.0,1491094681
86583,561,2,4.0,1491094318
86584,561,5,3.0,1491094488
86585,561,6,4.0,1491092289
86586,561,31,2.5,1491094481
86587,561,32,3.5,1491091981
86588,561,34,2.5,1491095062
86589,561,39,3.0,1491091334
86590,561,44,2.0,1491091620
86591,561,47,4.5,1491091954
86592,561,50,4.5,1491090860
87087,562,1,4.5,1368893997
87088,562,50,4.0,1368894758
87318,563,2,2.5,1447185161
87319,563,34,2.0,1441846213
87320,563,48,3.5,1440800284
87531,564,39,3.5,1478453734
87688,565,19,3.0,846533399
87689,565,21,3.0,846533399
87690,565,32,5.0,846533428
87691,565,34,4.0,846533367
87692,565,47,4.0,846533338
87693,565,50,5.0,846533399
87717,566,2,4.0,849005893
87718,566,7,4.0,849006845
87719,566,10,3.0,849005345
87720,566,11,5.0,849005826
87721,566,17,5.0,849006000
87722,566,21,4.0,849005643
87723,566,25,2.0,849006116
87724,566,32,4.0,849005720
87725,566,39,4.0,849005720
87726,566,50,5.0,849005642
87727,566,57,3.0,849006827
87791,567,1,3.5,1525286001
87792,567,34,2.5,1525288053
87793,567,50,1.0,1525282012
88176,568,50,5.0,1243576177
88199,569,10,4.0,849190709
88200,569,50,3.0,849190709
88219,570,1,4.0,1181476989
88220,570,2,3.5,1181477805
88221,570,10,3.5,1181477300
88222,570,11,3.5,1181477768
88223,570,25,4.0,1181477537
88224,570,32,4.0,1181477032
88225,570,34,3.5,1181477210
88226,570,39,3.0,1181477492
88227,570,47,3.5,1181477162
88228,570,95,2.5,1181477499
88410,571,12,1.0,966901337
88411,571,70,2.0,966900368
88522,572,1,4.0,945892484
88523,572,17,5.0,945888053
88524,572,21,5.0,945890765
88525,572,62,4.0,945890338
88677,573,1,5.0,1186722182
88678,573,2,4.5,1187044862
88679,573,6,4.5,1248842019
88680,573,10,4.5,1186722464
88681,573,47,5.0,1186589586
88682,573,50,5.0,1248841981
88976,574,47,5.0,834634527
89035,576,29,3.5,1358151482
89055,577,6,4.0,945967415
89056,577,39,3.0,945964946
89057,577,88,3.0,945968259
89243,579,1,4.0,958881146
89244,579,11,3.0,958879371
89245,579,17,5.0,977364909
89246,579,34,3.0,958880089
89247,579,48,4.0,958881238
89316,580,1,3.0,1167792349
89317,580,6,4.0,1167789917
89318,580,10,3.5,1167792602
89319,580,16,4.5,1167790725
89320,580,22,4.0,1167861702
89321,580,25,4.0,1167789966
89322,580,32,5.0,1167790855
89323,580,34,2.5,1167673463
89324,580,47,5.0,1167791127
89325,580,50,5.0,1167789884
89326,580,62,2.0,1167790047
89327,580,70,5.0,1167673477
89848,583,39,5.0,1481474136
89904,584,1,5.0,834987643
89905,584,10,5.0,834987172
89906,584,19,3.0,834987751
89907,584,22,4.0,834988132
89908,584,34,3.0,834987730
89909,584,39,1.0,834987810
89910,584,47,5.0,834987730
89911,584,48,5.0,834988006
89912,584,60,5.0,834988340
89987,585,16,5.0,1307417343
89988,585,88,4.0,1307416427
90048,586,2,4.0,1529901723
90256,587,1,5.0,953137847
90257,587,11,4.0,953138510
90258,587,21,4.0,953138653
90259,587,32,5.0,953141417
90260,587,50,5.0,953141366
90261,587,58,5.0,953141592
90421,588,3,3.0,839317471
90422,588,6,5.0,839316454
90423,588,10,3.0,839316215
90424,588,16,4.0,839316454
90425,588,20,2.0,839317230
90426,588,21,3.0,839316350
90427,588,22,3.0,839317568
90428,588,25,3.0,839316993
90429,588,36,2.0,839316709
90430,588,42,3.0,839316637
90431,588,47,3.0,839316278
90432,588,50,5.0,839316659
90477,589,25,5.0,856038816
90478,589,36,5.0,856038894
90517,590,1,4.0,1258420408
90518,590,2,2.5,1258420835
90519,590,3,3.0,1258416995
90520,590,5,2.0,1258421220
90521,590,6,3.5,1258420706
90522,590,10,3.5,1258420600
90523,590,11,3.0,1258419975
90524,590,17,3.5,1258418302
90525,590,19,2.0,1258420848
90526,590,32,3.0,1258420444
90527,590,36,3.5,1258420766
90528,590,47,3.0,1258420506
90529,590,50,4.5,1264910688
91245,591,24,2.0,970525102
91299,592,2,4.0,837350242
91300,592,6,3.0,837350390
91301,592,10,3.0,837349966
91302,592,15,4.0,837350747
91303,592,19,4.0,837350082
91304,592,21,3.0,837350081
91305,592,24,4.0,837350801
91306,592,39,4.0,837350111
91307,592,44,3.0,837350308
91308,592,93,3.0,837350801
91309,592,95,3.0,837350282
91393,593,34,4.0,1181008004
91394,593,41,4.0,1181007216
91395,593,50,4.5,1181007737
91496,594,2,4.0,1109037094
91497,594,3,4.0,1108798921
91498,594,11,5.0,1109036973
91499,594,17,4.0,1108972872
91500,594,28,4.5,1108973143
91501,594,39,4.5,1115885611
91502,594,46,4.5,1108973615
91503,594,48,4.5,1109038257
91504,594,70,3.5,1108951120
91728,595,50,5.0,938807286
91748,596,1,4.0,1535709666
91749,596,32,3.5,1535709749
91750,596,34,4.0,1535827362
91751,596,39,4.0,1535827547
91752,596,50,3.5,1535709301
92159,597,1,4.0,941557863
92160,597,6,3.0,940420695
92161,597,7,1.0,941558874
92162,597,10,3.0,941729264
92163,597,11,3.0,941558713
92164,597,17,3.0,940362409
92165,597,21,5.0,941559030
92166,597,34,4.0,940362281
92167,597,39,4.0,941558116
92168,597,42,3.0,941729264
92169,597,45,5.0,941559030
92170,597,47,4.0,940361541
92171,597,50,5.0,940362491
92172,597,52,4.0,941559030
92173,597,69,4.0,941558258
92174,597,70,2.0,941559139
92623,599,1,3.0,1498524204
92624,599,2,2.5,1498514085
92625,599,3,1.5,1498505071
92626,599,6,4.5,1498539623
92627,599,7,2.5,1498514161
92628,599,9,1.5,1498504960
92629,599,10,3.5,1498500281
92630,599,11,2.5,1498516445
92631,599,12,1.5,1519181787
92632,599,15,1.5,1519239842
92633,599,16,3.0,1498523389
92634,599,17,3.5,1498501103
92635,599,18,3.0,1498523048
92636,599,19,3.0,1498524930
92637,599,20,1.5,1498504813
92638,599,21,4.0,1498499235
92639,599,23,1.0,1498503332
92640,599,24,2.5,1498517444
92641,599,26,2.5,1498518655
92642,599,29,3.5,1498500987
92643,599,31,2.0,1498511120
92644,599,32,3.0,1498519822
92645,599,39,3.0,1498525783
92646,599,41,2.5,1498518847
92647,599,42,3.0,1498525483
92648,599,43,3.0,1519347048
92649,599,44,2.5,1498517161
92650,599,45,2.5,1498516640
92651,599,47,4.0,1498499364
92652,599,50,3.5,1498500777
92653,599,52,3.0,1498525392
92654,599,57,2.5,1519240604
92655,599,60,2.0,1519118310
92656,599,61,2.5,1519327817
92657,599,65,2.0,1498511235
92658,599,69,2.5,1498515243
92659,599,70,3.5,1498501183
92660,599,73,3.0,1519421396
92661,599,75,1.0,1519353713
92662,599,76,2.5,1498518457
92663,599,79,2.0,1519336237
92664,599,81,2.5,1498517265
92665,599,87,0.5,1519184941
92666,599,88,0.5,1498533540
92667,599,89,2.5,1498517086
92668,599,93,1.5,1498504070
92669,599,95,2.0,1498510588
92670,599,97,3.0,1519120150
95101,600,1,2.5,1237764347
95102,600,2,4.0,1237764627
95103,600,4,1.5,1237760055
95104,600,5,2.5,1237759452
95105,600,7,3.5,1237851387
95106,600,17,3.5,1237712509
95107,600,19,3.0,1237709125
95108,600,24,2.0,1237707977
95109,600,29,4.5,1237713604
95110,600,32,4.5,1237858629
95111,600,34,2.0,1237711536
95112,600,39,3.0,1237858693
95113,600,46,3.0,1237851925
95114,600,47,4.0,1237852430
95115,600,52,3.5,1237715563
95116,600,62,2.5,1237713038
95117,600,72,1.0,1237760885
95118,600,73,3.5,1237760041
95864,601,1,4.0,1521467801
95865,601,47,4.0,1521467863
95866,601,50,5.0,1441639169
95965,602,2,4.0,840875851
95966,602,6,3.0,840876055
95967,602,10,3.0,840875622
95968,602,11,3.0,840875825
95969,602,14,5.0,840875999
95970,602,16,3.0,840876085
95971,602,19,2.0,840875700
95972,602,21,4.0,840875720
95973,602,22,3.0,840876417
95974,602,25,4.0,840875998
95975,602,29,2.0,840876620
95976,602,32,3.0,840875779
95977,602,34,1.0,840875700
95978,602,36,3.0,840876228
95979,602,39,5.0,840875757
95980,602,45,5.0,840876055
95981,602,47,5.0,840875668
95982,602,50,5.0,840875720
95983,602,52,3.0,840876566
95984,602,95,3.0,840875901
96100,603,1,4.0,963178147
96101,603,6,4.0,963177624
96102,603,16,4.0,963179585
96103,603,17,3.0,954482210
96104,603,21,5.0,963177624
96105,603,25,4.0,954482181
96106,603,28,5.0,953925191
96107,603,29,2.0,963177361
96108,603,30,4.0,963179273
96109,603,32,3.0,963179615
96110,603,34,4.0,963179273
96111,603,36,4.0,953925157
96112,603,39,5.0,954482276
96113,603,45,4.0,963179538
96114,603,52,1.0,963178236
96115,603,53,5.0,963180003
96116,603,57,2.0,963180025
96117,603,58,3.0,954482414
96118,603,62,1.0,963180075
96119,603,70,4.0,953925705
96120,603,77,4.0,954482106
96121,603,82,1.0,963180075
96122,603,85,5.0,953925191
96123,603,97,4.0,963179791
96124,603,99,5.0,954482070
97043,604,1,3.0,832079851
97044,604,2,5.0,832080293
97045,604,5,3.0,832080355
97046,604,6,3.0,832080355
97047,604,14,4.0,832081027
97048,604,17,4.0,832080092
97049,604,19,1.0,832080050
97050,604,22,3.0,832080546
97051,604,23,4.0,832081042
97052,604,25,3.0,832080316
97053,604,32,4.0,832079958
97054,604,34,4.0,832079958
97055,604,39,3.0,832079983
97056,604,60,4.0,832080939
97057,604,62,4.0,832080293
97058,604,76,4.0,832080615
97059,604,92,3.0,832080615
97060,604,95,4.0,832080071
97143,605,1,4.0,1277097561
97144,605,2,3.5,1277176522
97145,605,28,4.0,1277094943
97146,605,73,3.0,1277094964
97364,606,1,2.5,1349082950
97365,606,7,2.5,1171754710
97366,606,11,2.5,1174349629
97367,606,15,3.5,1171839063
97368,606,17,4.0,1171838026
97369,606,18,4.0,1171327151
97370,606,19,2.0,1171814553
97371,606,28,3.5,1173049970
97372,606,29,4.5,1179419005
97373,606,32,4.0,1173653921
97374,606,36,3.5,1171820699
97375,606,46,4.0,1171757334
97376,606,47,3.0,1171927423
97377,606,50,4.5,1171234887
97378,606,58,3.5,1181771144
97379,606,68,4.0,1171817003
97380,606,70,4.0,1171733439
97381,606,73,4.0,1171410274
97382,606,80,4.0,1171409272
97383,606,82,4.0,1175637619
97384,606,92,3.5,1171365342
98479,607,1,4.0,964744033
98480,607,11,3.0,964744602
98481,607,25,3.0,963078417
98482,607,34,3.0,963079238
98483,607,36,4.0,964744413
98484,607,86,4.0,963079311
98666,608,1,2.5,1117408267
98667,608,2,2.0,1117490786
98668,608,3,2.0,1117504413
98669,608,10,4.0,1117408486
98670,608,16,4.5,1189471181
98671,608,19,2.0,1117504385
98672,608,21,3.5,1147210949
98673,608,24,2.0,1117504646
98674,608,31,3.0,1117504582
98675,608,32,3.5,1117336682
98676,608,34,3.5,1117491662
98677,608,39,3.0,1117415401
98678,608,44,0.5,1117504562
98679,608,47,4.5,1117162426
98680,608,48,0.5,1117161754
98681,608,50,4.5,1117491010
98682,608,63,0.5,1117506926
98683,608,65,2.0,1117415653
98684,608,70,3.0,1117415406
98685,608,88,2.5,1117505159
98686,608,93,2.5,1117506858
98687,608,95,2.0,1117490752
99497,609,1,3.0,847221025
99498,609,10,4.0,847220937
99534,610,1,5.0,1479542900
99535,610,6,5.0,1493850345
99536,610,16,4.5,1479542171
99537,610,32,4.5,1479543331
99538,610,47,5.0,1479545853
99539,610,50,4.0,1493844757
99540,610,70,4.0,1495959282
99541,610,95,3.5,1479542004
